事業所番号,事業所名,障害福祉サービスの種類,市町村番号,事業所郵便番号,事業所住所,電話番号,FAX番号,設置者,代表者職名,代表者氏名,設置者郵便番号,設置者住所,設置者電話番号,設置者FAX番号,指定年月日,有効期限,備考
02-2-04-0026-1,グループホーム稲実,33共同生活援助（介護サービス包括型）,205五所川原市,037-0014,五所川原市大字稲実字稲葉38-13,0173-26-7088,0173-26-7088,社会福祉法人　あーるど,理事長,大橋一之,037-0014,五所川原市大字稲実字稲葉38-13,0173-26-7088,0173-26-7088,2018/04/01,2024/03/31,
02-2-04-0027-9,グループホームびーた,33共同生活援助（介護サービス包括型）,205五所川原市,037-0069,五所川原市若葉３丁目4-3,0173-33-0279,0173-33-0279,社会福祉法人　あーるど,理事長,大橋一之,037-0014,五所川原市大字稲実字稲葉38-13,0173-26-7088,0173-26-7088,2018/04/01,2024/03/31,
02-2-04-0028-7,グループホームえん,33共同生活援助（介護サービス包括型）,205五所川原市,037-0017,五所川原市大字漆川字鍋懸148-2,0173-26-1021,0173-26-1021,社会福祉法人　あーるど,理事長,大橋一之,037-0014,五所川原市大字稲実字稲葉38-13,0173-26-7088,0173-26-7088,2020/04/01,2026/03/31,
02-2-20-0016-8,あさひの家,33共同生活援助（介護サービス包括型）,209つがる市,038-3124,つがる市木造朝日8-19,0173-23-5717,0173-23-5717,特定非営利活動法人　あいうえおの会,理事長,奈良　衛,038-3164,つがる市木造柴田弥生田2-1,0173-42-7553,0173-49-1175,2019/12/01,2025/11/30,
02-2-04-0001-4,光ヶ丘,33共同生活援助（介護サービス包括型）,205五所川原市,037-0023,五所川原市大字広田字榊森48-5,0173-33-2329,0173-37-3112,社会福祉法人　愛生会,理事長,寺田スズヱ,037-0011,五所川原市大字金山字千代鶴142,0173-37-3111,0173-37-3112,2006/10/01,2024/09/30,
02-2-04-0002-2,松島寮,33共同生活援助（介護サービス包括型）,205五所川原市,037-0006,五所川原市松島町６丁目49,0173-35-8358,0173-37-3112,社会福祉法人　愛生会,理事長,寺田スズヱ,037-0011,五所川原市大字金山字千代鶴142,0173-37-3111,0173-37-3112,2006/10/01,2024/09/30,
02-2-04-0003-0,グループホーム幸の家,33共同生活援助（介護サービス包括型）,205五所川原市,037-0022,五所川原市大字梅田字福浦475-7,0173-28-2288,0173-28-2289,社会福祉法人　愛生会,理事長,寺田スズヱ,037-0011,五所川原市大字金山字千代鶴142,0173-37-3111,0173-37-3112,2006/10/01,2024/09/30,
02-2-04-0009-7,つばき寮,33共同生活援助（介護サービス包括型）,205五所川原市,037-0017,五所川原市大字漆川字玉椿71,0173-37-3111,0173-37-3112,社会福祉法人　愛生会,理事長,寺田スズヱ,037-0011,五所川原市大字金山字千代鶴142,0173-37-3111,0173-37-3112,2009/04/01,2027/03/31,
02-2-04-0010-5,あさひ寮,33共同生活援助（介護サービス包括型）,205五所川原市,037-0025,五所川原市大字七ツ館字虫流52-10,0173-37-3111,0173-37-3112,社会福祉法人　愛生会,理事長,寺田スズヱ,037-0011,五所川原市大字金山字千代鶴142,0173-37-3111,0173-37-3112,2009/04/01,2027/03/31,
02-2-04-0018-8,グループホームひとつ家,33共同生活援助（介護サービス包括型）,205五所川原市,037-0022,五所川原市梅田字福浦475-6,0173-23-0275,0173-28-2289,社会福祉法人　愛生会,理事長,寺田スズヱ,037-0011,五所川原市大字金山字千代鶴142,0173-37-3111,0173-37-3112,2012/04/01,2024/03/31,
02-2-04-0020-4,みなせ寮,33共同生活援助（介護サービス包括型）,205五所川原市,037-0004,五所川原市大字唐笠柳字皆瀬18-11,0173-35-0133,0173-37-3112,社会福祉法人　愛生会,理事長,寺田スズヱ,037-0011,五所川原市大字金山字千代鶴142,0173-37-3111,0173-37-3112,2012/04/12,2024/04/11,
02-2-04-0022-0,グループホームみのりの家,33共同生活援助（介護サービス包括型）,205五所川原市,037-0014,五所川原市大字稲実字稲葉47-31,0173-33-2288,0173-28-2289,社会福祉法人　愛生会,理事長,寺田スズヱ,037-0011,五所川原市大字金山字千代鶴142,0173-37-3111,0173-37-3112,2014/01/01,2025/12/31,
02-2-04-0025-3,グループホーム希望の家,33共同生活援助（介護サービス包括型）,205五所川原市,037-0024,五所川原市みどり町8丁目30,0173-28-2288,0173-28-2289,社会福祉法人　愛生会,理事長,寺田スズエ,037-0011,五所川原市大字金山字千代鶴142,0173-37-3111,0173-37-3112,2017/06/01,2023/05/31,
02-2-02-0025-7,グループホーム　なごみ,33共同生活援助（介護サービス包括型）,202弘前市,036-8154,弘前市大字豊原２丁目6-12,0172-88-7445,0172-34-0221,一般財団法人　愛成会,代表理事,佐々木　哲,036-8151,弘前市大字北園１丁目6-2,0172-34-1214,0172-34-1263,2020/04/01,2026/03/31,
02-2-07-0005-8,ハイツ　花つばき,33共同生活援助（介護サービス包括型）,301平内町,039-3321,東津軽郡平内町大字小湊字小湊86-1,017-752-0789,017-752-0789,社会福祉法人　青森県玉葉会,理事長,木村敏昭,039-3314,東津軽郡平内町大字盛田字堤ヶ沢126,017-755-3274,017-755-2698,2015/11/01,2027/10/31,
02-2-07-0002-5,障害者総合福祉センターなつどまり　スワンハイム,33共同生活援助（介護サービス包括型）,301平内町,039-3321,東津軽郡平内町大字小湊字小湊72-2,017-755-4001,017-755-4919,社会福祉法人　青森県すこやか福祉事業団,理事長,本堂一作,030-0822,青森市中央３丁目20-30,017-777-8118,017-735-1160,2006/10/01,2025/03/31,
02-2-02-0011-7,ゆうゆうハウス,33共同生活援助（介護サービス包括型）,202弘前市,036-8246,弘前市大字青樹町4-32,0172-32-2128,0172-32-2129,社会福祉法人　茜育友会,理事長,赤平悦男,036-8266,弘前市大字自由ケ丘４丁目1-1,0172-32-2128,0172-32-2129,2006/10/01,2024/09/30,
02-2-09-0005-4,グループホームこすもす,33共同生活援助（外部サービス利用型）,362大鰐町,038-0221,南津軽郡大鰐町大字虹貝字篠塚33-12,0172-48-3662,0172-48-2483,社会福祉法人　阿闍羅会,理事長,秋元広光,038-0232,南津軽郡大鰐町大字三ツ目内字水沢出口117-1,0172-48-2426,0172-48-2483,2016/11/01,2022/10/31,
02-2-09-0006-2,グループホームさくら,33共同生活援助（介護サービス包括型）,362大鰐町,038-0221,南津軽郡大鰐町大字虹貝字篠塚33-25,0172-47-5355,0172-47-5355,社会福祉法人　阿闍羅会,理事長,秋元広光,038-0232,南津軽郡大鰐町大字三ツ目内字水沢出口117-1,0172-48-2426,0172-48-2483,2017/08/01,2023/07/31,
02-2-06-0012-6,グループホームまちなか,33共同生活援助（外部サービス利用型）,206十和田市,034-0031,十和田市東三番町6-1　生きがいプラザ6階,0176-27-1456,0176-27-2794,社会福祉法人　生きがい十和田,理事長,山端政博,034-0031,十和田市東三番町1-6,0176-25-5678,0176-24-2794,2021/10/01,2027/09/30,
02-2-02-0008-3,りんごの里「松森」,33共同生活援助（介護サービス包括型）,202弘前市,036-8184,弘前市大字松森町163,0172-55-8251,0172-32-3202,社会福祉法人　一葉会,理事長,長尾春夫,036-8082,弘前市大字福村字新舘添50-8,0172-28-0900,0172-28-2922,2012/05/01,2024/04/30,
02-2-02-0010-9,グループホームはるなの里「桜ヶ丘」,33共同生活援助（介護サービス包括型）,202弘前市,036-8241,弘前市大字桜ケ丘４丁目1-9,0172-88-6361,0172-88-3833,社会福祉法人　一葉会,理事長,長尾春夫,036-8082,弘前市大字福村字新舘添50-8,0172-28-0900,0172-28-2922,2016/04/01,2022/03/31,
02-2-02-0019-0,はるなの里「自由ヶ丘」,33共同生活援助（介護サービス包括型）,202弘前市,036-8266,弘前市大字自由ケ丘３丁目15-9,0172-32-3331,0172-31-0211,社会福祉法人　一葉会,理事長,長尾春夫,036-8082,弘前市大字福村字新舘添50-8,0172-28-0900,0172-28-2922,2007/04/01,2025/03/31,
02-2-02-0014-1,グループホーム櫻舞う郷,33共同生活援助（介護サービス包括型）,202弘前市,036-8095,弘前市大字城東３丁目5-1,0172-40-2770,0172-40-2771,株式会社　うぇるかむ,代表取締役,齋藤芳次,036-0145,平川市岩館藤巻81-2,0172-40-2770,0172-40-2771,2017/06/01,2023/05/31,
02-2-02-0015-8,グループホーム櫻舞う郷弘前石川,33共同生活援助（介護サービス包括型）,202弘前市,036-8124,弘前市大字石川字岸田13-2,0172-55-8701,0172-40-2771,株式会社　うぇるかむ,代表取締役,齋藤芳次,036-0145,平川市岩館藤巻81-2,0172-40-2770,0172-40-2771,2018/07/01,2024/06/30,
02-2-04-0015-4,ケアホームうるしかわ,33共同生活援助（介護サービス包括型）,205五所川原市,037-0017,五所川原市大字漆川字浅井122-1,0173-26-6570,0173-26-6571,社会福祉法人　内潟療護園,理事長,野上一幸,037-0308,北津軽郡中泊町大字深郷田字甘木120-2,0173-57-3100,0173-57-3102,2011/02/01,2023/01/31,
02-2-16-0003-4,株式会社エンジェルスグループホーム天使の家,33共同生活援助（外部サービス利用型）,208むつ市,035-0031,むつ市柳町４丁目2-13,0175-23-9700,0175-23-5396,株式会社　エンジェルス,代表取締役,菊池正光,035-0031,むつ市柳町４丁目3-3,0175-23-9700,0175-23-5396,2007/05/01,2025/04/30,
02-2-06-0006-8,ぱれっと,33共同生活援助（介護サービス包括型）,206十和田市,034-0301,十和田市大字奥瀬字下川目10-5,0176-74-1332,0176-74-1332,特定非営利活動法人　おいらせサポートハウスＫの家,理事長,服部知子,034-0301,十和田市大字奥瀬字下川目10-6,0176-27-0456,0176-27-0456,2013/10/01,2025/09/30,
02-2-12-0006-6,ＯＨＡＮＡ,33共同生活援助（介護サービス包括型）,445南部町,039-0612,三戸郡南部町剣吉字大坊10-12,0178-32-6926,0178-32-6926,一般社団法人　扇会,代表理事,佐々木正和,039-1111,八戸市東白山台３丁目2-6,0178-32-7844,0178-32-7844,2021/05/01,2027/04/30,
02-2-06-0003-5,グループホームひばり野・ケアホームぬくもり,33共同生活援助（介護サービス包括型）,206十和田市,034-0105,十和田市大字八斗沢字家ノ下311-1,0176-22-9313,0176-22-8577,社会福祉法人　恩和会,理事長,坂本清枝,034-0105,十和田市大字八斗沢字家ノ下310-1,0176-22-9313,0176-22-8577,2011/11/01,2023/10/31,
02-2-11-0004-3,ケアホームふきのとう,33共同生活援助（介護サービス包括型）,402七戸町,039-2526,上北郡七戸町字上町野131-3,0176-62-3161,0176-62-9990,上北地方教育・福祉事務組合,理事会理事長,小又　勉,039-2571,上北郡七戸町字蛇坂55-8,0176-62-5154,0176-62-9587,2012/04/01,2024/03/31,
02-2-11-0005-0,きぼう,33共同生活援助（外部サービス利用型）,402七戸町,039-2523,上北郡七戸町字影津内63-2,0176-56-5121,0176-56-5119,上北地方教育・福祉事務組合,理事会理事長,小又　勉,039-2571,上北郡七戸町字蛇坂55-8,0176-62-5154,0176-62-9587,2012/04/01,2024/03/31,
02-2-11-3005-7,あさひ荘,33共同生活援助（外部サービス利用型）,408東北町,039-2664,上北郡東北町字乙供125-1,0176-56-5121,0176-56-5119,上北地方教育・福祉事務組合,理事会理事長,小又　勉,039-2571,上北郡七戸町字蛇坂55-8,0176-62-5154,0176-62-9587,2006/10/01,2024/09/30,
02-2-11-0002-7,グループホームたんぽぽ,33共同生活援助（介護サービス包括型）,402七戸町,039-2531,上北郡七戸町字太田128-56,0176-60-8012,-,社会福祉法人　求道舎,理事長,小原義夫,039-2516,上北郡七戸町字舘野32-15,0176-62-3631,0176-62-3694,2009/02/01,2027/01/31,
02-2-10-3001-8,共同生活事業はばたけ寮,33共同生活援助（介護サービス包括型）,384鶴田町,038-3503,北津軽郡鶴田町大字鶴田字沖津194-3,0173-22-2929,0173-22-2929,社会福祉法人　共生会,理事長,三上孝生,038-3503,北津軽郡鶴田町大字鶴田字押上52,0173-23-1030,0173-23-1033,2006/10/01,2022/06/30,
02-2-06-0010-0,ライズハウス,33共同生活援助（外部サービス利用型）,206十和田市,034-0089,十和田市西二十三番町1-43,0176-51-5341,0176-51-5342,社会福祉法人　共生の杜,理事長,三浦親堂,034-0001,十和田市大字三本木字一本木沢103-8,0176-51-5341,0176-51-5342,2019/07/01,2025/06/30,
02-2-15-0004-4,喜望の家,33共同生活援助（介護サービス包括型）,207三沢市,033-0042,三沢市栄町３丁目140-589,0176-51-4187,0176-51-4187,合同会社　協和,代表社員,柴田浩喜,033-0041,三沢市大町３丁目9-30,080-3190-5645,050-1262-0810,2020/03/01,2026/02/28,
02-2-09-0001-3,玄輝門住宅Ａ,33共同生活援助（介護サービス包括型）,361藤崎町,038-3811,南津軽郡藤崎町大字中島字種元31-5,0172-75-9513,0172-75-9513,社会福祉法人　極光の会,理事長,成田和歌子,038-1216,南津軽郡藤崎町大字榊字植田33-1,0172-65-4187,0172-65-4193,2006/10/01,2023/08/31,
02-2-06-0002-7,グループホームあじさい館,33共同生活援助（介護サービス包括型）,206十和田市,034-0001,十和田市大字三本木字里ノ沢1-530,0176-24-2421,0176-24-2423,社会福祉法人　恵仁会,理事長,高松幸作,034-0001,十和田市大字三本木字里ノ沢1-62,0176-20-2822,0176-20-2823,2007/04/01,2025/03/31,
02-2-06-0008-4,グループホームつばき,33共同生活援助（介護サービス包括型）,206十和田市,034-0001,十和田市大字三本木字里ノ沢1-431,0176-58-7380,0176-58-7381,社会福祉法人　恵仁会,理事長,高松幸作,034-0001,十和田市大字三本木字里ノ沢1-62,0176-20-2822,0176-20-2823,2016/06/01,2022/05/31,
02-2-11-0003-5,グループホーム支援センターけやき,33共同生活援助（介護サービス包括型）,408東北町,039-2624,上北郡東北町字古屋敷45-1,0175-62-2484,0175-62-2485,社会福祉法人　恵徳会,理事長,沼山助直,039-2624,上北郡東北町字古屋敷45-1,0175-62-2484,0175-62-2485,2009/05/01,2027/04/30,
02-2-04-0011-3,みなと荘,33共同生活援助（介護サービス包括型）,209つがる市,038-2816,つがる市森田町森田屏風山1-144,0173-26-2634,0173-49-7000,社会福祉法人　健誠会,理事長,瓜田育男,038-2816,つがる市森田町森田月見野473-2,0173-26-2634,0173-49-7000,2010/01/01,2021/12/31,
02-2-20-0003-6,グループホーム屏風荘,33共同生活援助（介護サービス包括型）,209つがる市,038-2816,つがる市森田町森田月見野471-3,0173-26-2634,0173-49-7000,社会福祉法人　健誠会,理事長,瓜田育男,038-2816,つがる市森田町森田月見野473-2,0173-26-2634,0173-49-7000,2006/04/01,2024/09/30,
02-2-20-0004-4,さわやか荘,33共同生活援助（介護サービス包括型）,209つがる市,038-2816,つがる市森田町森田月見野471-4,0173-26-4537,-,社会福祉法人　健誠会,理事長,瓜田育男,038-2816,つがる市森田町森田月見野473-2,0173-26-2634,0173-49-7000,2006/05/01,2024/09/30,
02-2-20-0006-9,グループホーム月見野荘,33共同生活援助（介護サービス包括型）,209つがる市,038-2816,つがる市森田村森田月見野472,0173-26-5505,-,社会福祉法人　健誠会,理事長,瓜田育男,038-2816,つがる市森田町森田月見野473-2,0173-26-2634,0173-49-7000,2006/10/01,2024/09/30,
02-2-20-0007-7,グループホームたのし荘,33共同生活援助（介護サービス包括型）,209つがる市,038-2816,つがる市森田町森田屏風山1-145,0173-26-2634,0173-49-7000,社会福祉法人　健誠会,理事長,瓜田育男,038-2816,つがる市森田町森田月見野473-2,0173-26-2634,0173-49-7000,2008/09/01,2026/08/31,
02-2-20-0011-9,グループホーム「きずな」,33共同生活援助（介護サービス包括型）,209つがる市,038-2816,つがる市森田町森田屏風山1-147,0173-26-2634,0173-49-7000,社会福祉法人　健誠会,理事長,瓜田育男,038-2816,つがる市森田町森田月見野473-2,0173-26-2634,0173-49-7000,2006/10/01,2024/09/30,
02-2-20-0012-7,グループホーム駅前荘,33共同生活援助（介護サービス包括型）,209つがる市,038-2815,つがる市森田町山田村雲19-1,0173-26-2634,0173-49-7000,社会福祉法人　健誠会,理事長,瓜田育男,038-2816,つがる市森田町森田月見野473-2,0173-26-2634,0173-49-7000,2007/04/01,2025/03/31,
02-2-20-0013-5,グループホームふくし荘,33共同生活援助（介護サービス包括型）,209つがる市,038-2816,つがる市森田町森田屏風山1-1,0173-26-2634,0173-49-7000,社会福祉法人　健誠会,理事長,瓜田育男,038-2816,つがる市森田町森田月見野473-2,0173-26-2634,0173-49-7000,2007/04/01,2025/03/31,
02-2-20-0014-3,第２もりた荘,33共同生活援助（介護サービス包括型）,209つがる市,038-2816,つがる市森田町森田月見野8-1,0173-26-2703,-,社会福祉法人　健誠会,理事長,瓜田育男,038-2816,つがる市森田町森田月見野473-2,0173-26-2634,0173-49-7000,2013/09/01,2025/08/31,
02-2-17-0001-6,せせらぎの里　きざくら,33共同生活援助（介護サービス包括型）,405六戸町,033-0074,上北郡六戸町小松ケ丘３丁目77-913,0176-58-5375,0176-58-5376,有限会社　コマイ,代表取締役,駒井光広,033-0022,三沢市大字三沢字堀口164-121,0176-53-8860,0176-53-8903,2013/08/01,2025/07/31,
02-2-09-0004-7,共同生活援助駒のまほろば,33共同生活援助（介護サービス包括型）,362大鰐町,038-0211,南津軽郡大鰐町大字大鰐字前田35-8,0172-55-6866,0172-55-6866,株式会社　駒のまほろば,代表取締役,渡邊敏博,038-0233,南津軽郡大鰐町大字居土字宮本49-4,0172-55-6866,0172-55-6866,2015/04/01,2027/03/31,
02-2-02-0027-3,グループホームアンサンブル,33共同生活援助（日中サービス支援型）,202弘前市,036-1501,弘前市大字湯口字一ノ細川81-25,0172-84-2055,0172-84-2117,有限会社　さいとう重機,代表取締役,熊谷一成,017-0203,鹿角郡小坂町大字上向字子坂3-2,0186-29-2869,0186-29-2718,2020/10/01,2026/09/30,
02-2-12-0005-8,サポートセンターみらい,33共同生活援助（介護サービス包括型）,442五戸町,039-1701,三戸郡五戸町大字倉石石沢字石沢72-1,0178-38-3900,0178-38-3903,社会福祉法人　サポートセンター虹,理事長,湖東正美,039-1101,八戸市大字尻内町字鴨ヶ池117-1,0178-70-1360,0178-70-1361,2019/04/01,2025/03/31,
02-2-11-0006-8,サンライズ・ケア　サービス,33共同生活援助（外部サービス利用型）,408東北町,039-2407,上北郡東北町旭南３丁目296-2,0176-58-1551,0176-58-1060,株式会社　サンライズ,代表取締役,加藤直樹,039-2407,上北郡東北町旭南３丁目296-2,0176-56-5829,0176-58-1060,2012/06/01,2024/05/31,
02-2-04-0007-1,ケアホーム静荘２,33共同生活援助（介護サービス包括型）,205五所川原市,037-0033,五所川原市鎌谷町146-5,0173-33-8323,0173-33-8323,有限会社　サンライズ,取締役,福士浩子,037-0015,五所川原市大字姥萢字桜木255,0173-34-8701,0173-34-8705,2006/10/01,2024/09/30,
02-2-04-0016-2,ケアホームひなた１,33共同生活援助（介護サービス包括型）,205五所川原市,037-0035,五所川原市大字湊字船越311-1,0173-33-8322,0173-33-8323,有限会社　サンライズ,取締役,福士浩子,037-0015,五所川原市大字姥萢字桜木255,0173-34-8701,0173-34-8705,2011/08/01,2023/07/31,
02-2-04-0017-0,ケアホームひなた２,33共同生活援助（介護サービス包括型）,205五所川原市,037-0035,五所川原市大字湊字船越311-1,0173-33-8323,0173-33-8323,有限会社　サンライズ,取締役,福士浩子,037-0015,五所川原市大字姥萢字桜木255,0173-34-8701,0173-34-8705,2011/08/01,2023/07/31,
02-2-11-3004-0,グループホーム卯の花,33共同生活援助（外部サービス利用型）,402七戸町,039-2516,上北郡七戸町字舘野32-163,0176-60-1377,0176-60-1378,社会福祉法人　七戸福祉会,理事長,藤田泰規,039-2514,上北郡七戸町字太田野19-4,0176-62-5200,0176-62-5219,2006/10/01,2024/09/30,
02-2-02-0013-3,拓光園共同生活援助事業所アバンセ,33共同生活援助（介護サービス包括型）,202弘前市,036-1343,弘前市大字百沢字東岩木山2628,0172-96-2331,0172-96-2332,社会福祉法人　七峰会,理事長,大平和夫,036-8356,弘前市大字下白銀町21-8,0172-33-8861,0172-33-8862,2006/10/01,2024/09/30,
02-2-02-0018-2,津軽生活支援センター,33共同生活援助（介護サービス包括型）,202弘前市,036-1321,弘前市大字熊嶋字亀田183-1,0172-82-4520,0172-82-5544,社会福祉法人　七峰会,理事長,大平和夫,036-8356,弘前市大字下白銀町21-8,0172-33-8861,0172-33-8862,2006/10/01,2024/09/30,
02-2-05-0001-1,山郷館くろいし　共同生活援助,33共同生活援助（介護サービス包括型）,204黒石市,036-0383,黒石市緑町３丁目16-16,0172-53-2344,0172-88-5018,社会福祉法人　七峰会,理事長,大平和夫,036-8356,弘前市大字下白銀町21-8,0172-33-8861,0172-33-8862,2010/09/20,2022/09/19,
02-2-04-0013-9,グループホームメイ,33共同生活援助（介護サービス包括型）,205五所川原市,037-0202,五所川原市金木町芦野200-995,0173-52-3355,0173-52-3355,有限会社　修清,代表取締役,工藤清子,037-0305,北津軽郡中泊町大字中里字宝森291-3,0173-69-1195,0173-69-1197,2010/04/01,2023/12/31,
02-2-04-0021-2,グループホーム夢の森　かなぎ,33共同生活援助（介護サービス包括型）,205五所川原市,037-0202,五所川原市金木町芦野200-122,0173-26-7632,0173-26-7633,有限会社　修清,代表取締役,工藤清子,037-0305,北津軽郡中泊町大字中里字宝森291-3,0173-69-1195,0173-69-1197,2013/10/01,2025/09/30,
02-2-10-0002-9,グループホーム夢の森,33共同生活援助（介護サービス包括型）,387中泊町,037-0311,北津軽郡中泊町大字大沢内字海原213-2,0173-57-5151,0173-57-5151,有限会社　修清,代表取締役,工藤清子,037-0305,北津軽郡中泊町大字中里字宝森291-3,0173-69-1195,0173-69-1197,2007/05/01,2021/12/31,
02-2-15-0001-0,おおぞら,33共同生活援助（介護サービス包括型）,207三沢市,033-0153,三沢市泉町１丁目117-106,0176-57-0064,,特定非営利活動法人　障害者地域生活支援センターぴあ,理事長,髙橋　等,039-1111,八戸市東白山台３丁目21-25,0178-27-6578,0178-27-6578,2006/10/01,2024/09/30,
02-2-17-5001-1,すみれハイツ,33共同生活援助（介護サービス包括型）,412おいらせ町,039-2173,上北郡おいらせ町瓢163-27,0178-56-4100,,社会福祉法人　昭壽会,理事長,寺澤昭二,039-2184,上北郡おいらせ町浜道133-3,0178-56-2676,0178-56-2619,2006/10/01,2024/09/30,
02-2-18-0001-4,共同生活介護・援助事業所かけはし,33共同生活援助（介護サービス包括型）,411六ヶ所村,039-3212,上北郡六ヶ所村大字尾鮫字猿子沢2-135,0175-72-4700,0175-72-4701,社会福祉法人　松緑福祉会,理事長,木村廣正,039-3211,上北郡六ヶ所村大字出戸字棚沢130-23,0175-72-4700,0175-72-4701,2009/04/01,2027/03/31,
02-2-02-0022-4,障害者ケアホームらぽーる宮園,33共同生活援助（介護サービス包括型）,202弘前市,036-8063,弘前市大字宮園３丁目2-54,0172-38-7630,0172-38-7630,社会福祉法人　伸康会,理事長,蒔苗俊二,036-8381,弘前市大字独狐字石田121-1,0172-95-3981,0172-95-3982,2019/04/01,2025/03/31,休止(2021/01/11～)
02-2-02-0024-0,障害者ケアホームらぽーる石渡,33共同生活援助（介護サービス包括型）,202弘前市,036-8316,弘前市大字石渡４丁目13-7,0172-32-2317,0172-32-2318,社会福祉法人　伸康会,理事長,蒔苗俊二,036-8381,弘前市大字独狐字石田121-1,0172-95-3981,0172-95-3982,2019/10/01,2025/09/30,
02-2-20-0015-0,グループホームやすらぎ荘,33共同生活援助（介護サービス包括型）,209つがる市,038-2816,つがる市森田町森田月見野475-7,0173-49-7777,0173-49-7777,合同会社　心友,代表社員,山﨑さかえ,038-2816,つがる市森田町森田月見野475-7,0173-49-7777,0173-49-7777,2017/01/01,2022/12/31,
02-2-12-0002-5,共同生活ホーム移山寮,33共同生活援助（介護サービス包括型）,442五戸町,039-1545,三戸郡五戸町字正場沢長根20-1,0178-62-6500,0178-62-4996,社会福祉法人　生活・文化研究所,理事長,大西一男,039-1545,三戸郡五戸町字正場沢長根8-1,0178-62-6500,0178-62-4996,2006/10/01,2024/09/30,
02-2-02-0007-5,さくら寮,33共同生活援助（介護サービス包括型）,202弘前市,036-8381,弘前市大字独狐字山辺197-1,0172-95-3434,0172-95-3477,社会福祉法人　聖康会,理事長,小田桐匡希,036-8381,弘前市大字独狐字山辺183,0172-95-3434,0172-95-3477,2012/02/01,2024/01/31,
02-2-02-0012-5,さくら草,33共同生活援助（介護サービス包括型）,202弘前市,036-8381,弘前市大字独狐字山辺183,0172-88-6550,0172-95-3477,社会福祉法人　聖康会,理事長,小田桐匡希,036-8381,弘前市大字独狐字山辺183,0172-95-3434,0172-95-3477,2016/04/01,2022/03/31,
02-2-12-0001-7,ケアホーム清岳園,33共同生活援助（介護サービス包括型）,445南部町,039-0503,三戸郡南部町大字平字広場21-4,0178-32-6155,0178-32-6779,社会福祉法人　清慈会,理事長,工藤清太郎,031-0813,八戸市大字新井田字松山下野場7-15,0178-76-2467,0178-76-3227,2006/10/01,2024/09/30,
02-2-04-0019-6,共同生活事業所　ラ・プリマベラ,33共同生活援助（介護サービス包括型）,205五所川原市,037-0085,五所川原市字芭蕉48-2,0173-38-1331,0173-38-1333,医療法人社団　清泉会,理事長,布施　泉,037-0085,五所川原市字芭蕉18-4,0173-35-3470,0173-35-6419,2012/04/01,2024/03/31,
02-2-20-0008-5,グループホーム太陽の家,33共同生活援助（外部サービス利用型）,209つがる市,038-2818,つがる市森田町大館千歳10-4,0173-26-2349,0173-26-2349,西北五広域福祉事務組合,管理者,倉光弘昭,038-2817,つがる市森田町床舞字鶴喰104-2,0173-26-3100,0173-26-2396,2006/10/01,2024/09/30,
02-2-15-0002-8,木崎野の家,33共同生活援助（外部サービス利用型）,207三沢市,033-0042,三沢市栄町３丁目140-621,0176-27-6246,,社会福祉法人　誠友会,理事長,苫米地義之,039-2151,上北郡おいらせ町向山東２丁目2-1263,0178-56-4131,0178-56-2608,2009/08/01,2027/07/31,
02-2-06-0005-0,ケアホーム・雑木林,33共同生活援助（介護サービス包括型）,206十和田市,034-0071,十和田市大字赤沼字前川原269-1,0176-22-9612,0176-22-9612,特定非営利活動法人　雑木林,理事長,成重良恵,034-0071,十和田市大字赤沼字前川原47,0176-22-9612,0176-22-9612,2012/09/01,2024/08/31,
02-2-09-3002-8,さくら荘,33共同生活援助（外部サービス利用型）,362大鰐町,038-0201,南津軽郡大鰐町大字苦木字野尻172-5,0172-48-3134,0172-48-4488,社会福祉法人　素樸会,理事長,櫻田　高,038-0201,南津軽郡大鰐町苦木字野尻170-1,0172-48-3134,0172-48-4488,2006/10/01,2024/09/30,
02-2-07-0004-1,外ヶ浜花ＮＥＴ,33共同生活援助（介護サービス包括型）,307外ヶ浜町,030-1411,東津軽郡外ヶ浜町字平舘根岸小川20-1,0174-25-2898,0174-25-3212,社会福祉法人　平舘福祉会,理事長,永澤公光,030-1411,東津軽郡外ヶ浜町字平舘根岸小川20-1,0174-25-3211,0174-25-3212,2006/10/01,2024/09/30,
02-2-04-0008-9,クローバーハウス,33共同生活援助（介護サービス包括型）,205五所川原市,037-0016,五所川原市一ツ谷505-3,0173-26-7101,0173-26-7102,社会福祉法人　拓心会,理事長,島村美由紀,037-0012,五所川原市大字水野尾字懸樋222-3,0173-26-6564,0173-26-6569,2007/04/01,2025/03/31,
02-2-04-0014-7,メゾネット・コパン,33共同生活援助（介護サービス包括型）,205五所川原市,037-0053,五所川原市布屋町9-3,0173-33-8292,0173-33-8292,社会福祉法人　拓心会,理事長,島村美由紀,037-0012,五所川原市大字水野尾字懸樋222-3,0173-26-6564,0173-26-6569,2010/12/01,2022/11/30,
02-2-04-0023-8,オリーブハウス,33共同生活援助（介護サービス包括型）,205五所川原市,037-0016,五所川原市一ツ谷505-3,0173-26-7101,0173-26-7102,社会福祉法人　拓心会,理事長,島村美由紀,037-0012,五所川原市大字水野尾字懸樋222-3,0173-26-6564,0173-26-6569,2014/12/01,2026/11/30,
02-2-04-0024-6,ESCORTハウスここしあ,33共同生活援助（介護サービス包括型）,205五所川原市,037-0046,五所川原市栄町26,0173-38-3521,0173-38-3522,社会福祉法人　拓心会,理事長,島村美由紀,037-0012,五所川原市大字水野尾字懸樋222-3,0173-26-6564,0173-26-6569,2017/05/01,2023/04/30,
02-2-02-0003-4,障害福祉グループホーム　三和の里,33共同生活援助（外部サービス利用型）,202弘前市,036-8332,弘前市大字亀甲町107-1,0172-93-2515,0172-93-2517,社会福祉法人　つがる三和会,理事長,大井正清,036-8279,弘前市大字茜町２丁目1-2,0172-88-8891,0172-33-3374,2009/07/01,2027/06/30,
02-2-10-0001-1,障害福祉ケアホーム　三和の里,33共同生活援助（介護サービス包括型）,381板柳町,038-3671,北津軽郡板柳町大字掛落林字宮本77-1,0172-73-4203,0172-93-2517,社会福祉法人　つがる三和会,理事長,大井正清,036-8279,弘前市大字茜町２丁目1-2,0172-88-8891,0172-33-3374,2007/04/01,2025/03/31,
02-2-11-3001-6,グループホームあぜりあ,33共同生活援助（介護サービス包括型）,402七戸町,039-2581,上北郡七戸町字東上川原20-7,0176-62-3780,0176-62-3780,社会福祉法人　つつじ会,理事長,米内山正義,039-2546,上北郡七戸町字清水頭71-80,0176-62-2321,0176-62-6966,2006/04/01,2024/03/31,
02-2-02-0006-7,くさなぎ　いわき寮,33共同生活援助（介護サービス包括型）,202弘前市,036-1312,弘前市大字高屋福田81-1,0172-88-8030,0172-88-8031,社会福祉法人　島光会,理事長,三浦明子,036-1203,弘前市大字大森字草薙5-3,0172-93-3111,0172-93-3112,2011/07/01,2023/06/30,
02-2-20-0010-1,くさなぎ　希望寮,33共同生活援助（外部サービス利用型）,202弘前市,036-8373,弘前市大字藤代４丁目3-4,0172-93-3111,0172-93-3112,社会福祉法人　島光会,理事長,三浦明子,036-1203,弘前市大字大森字草薙5-3,0172-93-3111,0172-93-3112,2006/10/01,2024/09/30,
02-2-11-0007-6,指定共同生活援助事業所　グループホームぽぷらのもり太陽上北,33共同生活援助（外部サービス利用型）,408東北町,039-2404,上北郡東北町上北北１丁目34-239,0175-62-3008,0175-73-7085,社会福祉法人　東北赤松福祉会,理事長,沼山浩幸,039-2634,上北郡東北町字往来ノ下34,0175-65-3121,0175-65-3116,2015/04/01,2027/03/31,
02-2-06-0011-8,わくわくの郷,33共同生活援助（介護サービス包括型）,206十和田市,034-0034,十和田市東十五番町5-8,0176-58-7275,0176-58-7276,社会福祉法人　十和田湖会,理事長,下山導太,034-0301,十和田市大字奥瀬字下川目2-9,0176-72-2790,0176-72-2800,2020/06/01,2026/05/31,
02-2-11-0001-9,共同生活なごみの家あんず,33共同生活援助（介護サービス包括型）,408東北町,039-2661,上北郡東北町字上笹橋23-8,0173-63-3786,0175-65-5688,医療法人　なごみ会,理事長,吉田道正,039-2661,上北郡東北町字上笹橋23-8,0175-63-3777,0175-65-5688,2007/04/15,2025/04/14,
02-2-12-0003-3,アルバ,33共同生活援助（介護サービス包括型）,446階上町,039-1208,三戸郡階上町角柄折十文字8-217,0178-88-5557,0178-88-5557,株式会社　NEXT.com,代表取締役,前田淳裕,039-1212,三戸郡階上町蒼前西６丁目9-3220,0178-88-5557,0178-88-5557,2016/05/01,2022/04/30,
02-2-06-0009-2,グループホーム高清水八甲荘,33共同生活援助（介護サービス包括型）,206十和田市,034-0041,十和田市大字相坂字高清水78-209,0176-27-6403,0176-27-6408,社会福祉法人　八甲田会,理事長,小笠原豊重,034-0041,十和田市大字相坂字高清水78-232,0176-23-5500,0176-23-5581,2019/03/01,2025/02/28,
02-2-02-0017-4,共同生活事業所「あじさい」,33共同生活援助（介護サービス包括型）,202弘前市,036-8323,弘前市大字浜の町東３丁目10-1　コーポひまわり101号,0172-34-5106,0172-34-5106,社会福祉法人・花,理事長,成田清春,036-8373,弘前市大字藤代２丁目11-6,0172-37-3877,0172-55-0751,2006/10/01,2022/03/31,
02-2-02-0023-2,日中活動支援型共同生活事業所「花の郷」,33共同生活援助（日中サービス支援型）,202弘前市,036-8066,弘前市大字向外瀬字豊田294-1,0172-26-6155,0172-26-6156,社会福祉法人・花,理事長,成田清春,036-8373,弘前市大字藤代２丁目11-6,0172-37-3877,0172-55-0751,2019/07/01,2025/06/30,
02-2-16-0004-2,グループホーム陽だまり,33共同生活援助（外部サービス利用型）,208むつ市,035-0082,むつ市文京町20-19,0175-24-1150,0175-24-1150,一般社団法人　陽だまりの会,代表理事,村口伸一郎,035-0076,むつ市旭町5-18,0175-24-1150,0175-24-1150,2012/08/01,2024/07/31,
02-2-02-0021-6,ブルイエルの家,33共同生活援助（介護サービス包括型）,202弘前市,036-8161,弘前市大字大清水４丁目6-1,0172-55-8760,0172-34-3174,社会福祉法人　藤聖母園,理事長,中西秀吉,030-0841,青森市奥野３丁目7-1,017-723-1691,017-723-1693,2018/10/01,2024/09/30,
02-2-11-0008-4,エイトワン,33共同生活援助（介護サービス包括型）,408東北町,039-2655,上北郡東北町字内蛯沢道ノ上109-7,0175-73-8108,0175-73-8109,一般社団法人　プロップ,代表理事,沼山重明,039-2655,上北郡東北町内蛯沢道ノ上90-22,0175-73-8108,0175-73-8109,2018/04/01,2024/03/31,
02-2-02-0004-2,ＳＥＥＤＳ,33共同生活援助（介護サービス包括型）,202弘前市,036-8086,弘前市大字田園４丁目12-9,0172-88-6362,0172-88-6362,社会福祉法人　抱民舎,理事長,成田春洋,036-1312,弘前市大字高屋字安田735-3,0172-82-6060,0172-82-6061,2010/04/01,2022/03/31,
02-2-06-0007-6,グループホームポケットハウス,33共同生活援助（介護サービス包括型）,206十和田市,034-0095,十和田市西二十一番町21-12,0176-58-0750,0176-58-0750,社会福祉法人　北心会,理事長,宮本範道,034-0095,十和田市西二十一番町6-14,0176-21-2315,0176-27-0126,2015/04/01,2027/03/31,
02-2-21-0001-8,uniメゾン,33共同生活援助（介護サービス包括型）,210平川市,036-0162,平川市館山前田80-5,0172-44-0033,0172-44-0034,社会福祉法人　ほほえみ,理事長,今井隆一,036-0162,平川市館山前田80-1,0172-44-0033,0172-44-0034,2016/05/01,2022/04/30,
02-2-09-0007-0,障がい者グループホームいちご,33共同生活援助（介護サービス包括型）,361藤崎町,038-1204,南津軽郡藤崎町大字水木字福西46-3,0172-40-3427,0172-40-3428,株式会社　ほほえみ,代表取締役,須藤明久,036-8132,弘前市大字狼森字西元4-12,080-1850-7779,0172-40-2771,2020/07/01,2026/06/30,
02-2-20-0009-3,グループホームみちのく,33共同生活援助（外部サービス利用型）,209つがる市,037-0106,つがる市稲垣町沼崎幾代崎47,0173-46-2122,0173-46-3680,企業組合　みちのくクリーナース,代表理事,太田弘一,037-0106,つがる市稲垣町沼崎幾代崎47,0173-46-2122,0173-46-3680,2010/01/01,2021/12/31,
02-2-16-0005-9,共同生活事業所陽まわり荘,33共同生活援助（介護サービス包括型）,208むつ市,035-0071,むつ市小川町１丁目14-62,0175-23-8440,0175-23-8440,社会福祉法人　みちのく福祉会,理事長,内田大輔,035-0011,むつ市大字奥内字大室平91-1,0175-26-2036,0175-26-2955,2013/10/01,2025/09/30,
02-2-17-0002-4,グループホームフルハウスＡ,33共同生活援助（介護サービス包括型）,412おいらせ町,039-2255,上北郡おいらせ町土取32-3,0178-38-8650,,一般社団法人　みちびき,代表理事,川内久子,039-2255,上北郡おいらせ町土取32-2,0178-32-0921,0178-32-0922,2018/03/01,2024/02/29,
02-2-02-0009-1,共同生活援助事業所　大石の里,33共同生活援助（介護サービス包括型）,202弘前市,036-1343,弘前市大字百沢字東岩木山3138-2,0172-93-2110,0172-93-2220,社会福祉法人　みやぎ会,理事長,田中信幸,039-1101,八戸市大字河原木字八太郎山10-81,0178-51-2010,0178-51-2011,2015/04/01,2027/03/31,
02-2-12-0004-1,ライフベースはしかみ,33共同生活援助（介護サービス包括型）,446階上町,039-1212,三戸郡階上町蒼前西３丁目9-2456,0178-38-0235,0178-38-0235,株式会社　みんなのベース,代表取締役,河原木俊幸,039-1201,三戸郡階上町大字道仏字浜久保14-183,0178-89-2273,,2018/06/06,2024/06/05,
02-2-16-0001-8,グループホーム「サンライズ」,33共同生活援助（外部サービス利用型）,208むつ市,035-0031,むつ市柳町４丁目11-4,0175-31-0067,0175-31-0067,特定非営利活動法人　むつ下北子育て支援ネットワークひろば,代表理事,小川千恵,035-0031,むつ市柳町１丁目2-15,0175-23-7844,0175-34-0013,2006/10/01,2024/09/30,
02-2-16-0006-7,となみ療護園横迎町ホーム,33共同生活援助（日中サービス支援型）,208むつ市,035-0033,むつ市横迎町１丁目13-18,0175-33-2282,0175-33-2283,社会福祉法人　明和会,理事長,菊池　薫,035-0021,むつ市大字田名部字赤川ノ内並木14-245,0175-33-1100,0175-33-1200,2018/12/08,2024/12/07,
02-2-04-0006-3,グループホーム第２さくら,33共同生活援助（外部サービス利用型）,205五所川原市,037-0017,五所川原市大字漆川字鍋懸131-1,0173-33-7121,,特定非営利活動法人　ＭＥＧＯ,理事長,菊地久子,037-0015,五所川原市大字姥萢字桜木276-1,0173-34-2442,0173-34-2443,2006/10/01,2024/09/30,
02-2-15-0003-6,インディペンデントⅠ,33共同生活援助（外部サービス利用型）,207三沢市,033-0022,三沢市大字三沢字堀口164-1,0176-53-2241,0176-53-2240,社会福祉法人　楽晴会,理事長,齊藤　淳,033-0041,三沢市大町２丁目6-27,0176-53-3550,0176-53-2480,2014/08/01,2026/07/31,
02-2-02-0028-1,さくらハウス山崎,33共同生活援助（介護サービス包括型）,202弘前市,036-8233,弘前市大字山崎１丁目4-5,0172-87-4260,0172-87-4260,株式会社　レリビィ,代表取締役,工藤　公子,036-8233,弘前市大字山崎１丁目4-5,0172-87-4260,0172-87-4260,2020/12/01,2026/11/30,
02-2-04-0004-8,グループホームサンエース,33共同生活援助（介護サービス包括型）,205五所川原市,037-0004,五所川原市大字唐笠柳字藤巻4-1,0173-34-2908,0173-34-2908,社会福祉法人　和晃会,理事長,寺田和子,037-0004,五所川原市大字唐笠柳字村崎242,0173-39-2111,0173-39-2122,2006/10/01,2024/09/30,