事業所番号,事業所名称,事業所電話番号,事業所FAX番号,事業所所在地,法人名称,利用定員,指定日
2725200055,ひまわりの夢,080-8949-0604,,大阪市都島区（以下略）,株式会社ドリームエンタープライズ,4,2021/12/01
2722300189,グループホームまりん,050-1201-9387,0722-47-4914,大阪市阿倍野区（以下略）,株式会社ＯｎｅＲｉｎｇ,8,2021/12/01
2722000318,りあるらいふ,06-6556-6390,06-6539-8603,大阪市住吉区（以下略）,株式会社リアルター,4,2021/12/01
2720800479,デイジーブルーム公園南,06-6699-5501,06-6699-5502,大阪市東住吉区（以下略）,合同会社ＤａｉｓｙＢｌｏｏｍ,4,2021/12/01
2725800656,フリーライフ平野,080-4019-2990,072-921-1898,大阪市平野区（以下略）,株式会社フリーケア,8,2021/12/01
2725800649,こもれび,06-6760-5636,06-6760-5637,大阪市平野区（以下略）,一般社団法人こもれび,7,2021/12/01
2723300337,ウルウル,06-6147-7783,06-6147-8781,大阪市西成区（以下略）,ＯＩＳ株式会社,4,2021/12/01
2720400171,プライバシーアパートシェアハウスりぼん,06-7173-2055,06-7173-2055,大阪市港区（以下略）,株式会社ヘルプズ・アンド・カンパニー,5,2021/11/01
2722700107,グループホーム　きぼう,06-4394-5300,06-4394-5301,大阪市大正区（以下略）,ウィル・アップ株式会社,6,2021/11/01
2722200496,マルヒデホーム,06-6225-4588,06-6446-0760,大阪市生野区（以下略）,株式会社マルヒデ,5,2021/11/01
2723100174,共同生活援助　檣,06-6953-7147,06-6953-7148,大阪市旭区（以下略）,株式会社弘粋産業,4,2021/11/01
2723100182,グループホームまほらま旭,06-7508-6311,06-7501-5567,大阪市旭区（以下略）,株式会社まほらま,4,2021/11/01
2725900118,グループホーム　グリーンリーフ,090-4289-4974,,大阪市住之江区（以下略）,成尾商店株式会社,4,2021/11/01
2722000300,グループホームＦＡＴＥ,06-6786-8489,06-6786-8489,大阪市住吉区（以下略）,株式会社フェイト,4,2021/11/01
2720800461,グループホームぷらぷら,090-4304-9543,,大阪市東住吉区（以下略）,ａｃｅＮＥＴ株式会社,8,2021/11/01
2723300311,ＳＯＡＲホーム,06-7897-3278,06-7897-1515,大阪市西成区（以下略）,株式会社ＳＯＡＲ,4,2021/11/01
2723300329,グループホーム　あいか,090-2802-4748,,大阪市西成区（以下略）,株式会社アイカ,4,2021/11/01
2729400065,グループホームのぞみ,072-971-5931,072-971-5931,大阪市中央区（以下略）,合同会社のぞみ,4,2021/10/01
2721000137,今流行りのグループホーム,070-8545-1196,06-7635-4724,大阪市西淀川区（以下略）,今流行り合同会社,4,2021/10/01
2723000259,なごーむ,080-7571-5918,06-6829-3902,大阪市東淀川区（以下略）,株式会社コラブル,7,2021/10/01
2723000267,らいふ下新庄�T号館,050-5512-2099,06-6238-4134,大阪市東淀川区（以下略）,大阪福祉車輌株式会社,5,2021/10/01
2721500268,みらいホーム大今里,06-6271-2725,06-6271-2726,大阪市東成区（以下略）,株式会社ミライエ,9,2021/10/01
2721500276,グループホーム　タイヨウ１,090-1486-0031,06-7635-9123,大阪市東成区（以下略）,株式会社福未来,5,2021/10/01
2722200470,結,06-6753-8074,06-6753-8075,大阪市生野区（以下略）,株式会社　ナチュラル・ヒーリング・インターナショナル,10,2021/10/01
2722200488,紬,06-6753-8445,06-6753-8446,大阪市生野区（以下略）,株式会社ナチュラルクリニック,10,2021/10/01
2722000292,グループホームレベルズ,06-6537-9015,,大阪市住吉区（以下略）,株式会社ｌｅｖｅｌｓ,7,2021/10/01
2720800446,グループホームラウレア,072-813-9850,06-6224-3660,大阪市東住吉区（以下略）,株式会社ＴＡＩＣＨＩ,4,2021/10/01
2720800453,グループホーム　ひだまり東住吉,06-4708-5981,06-4708-5982,大阪市東住吉区（以下略）,株式会社アヴェイル,4,2021/10/01
2720800438,グループホームジョイフルａｉｒ,06-6532-6555,06-6777-1655,大阪市東住吉区（以下略）,ｆｏｒｃｅｓ株式会社,4,2021/10/01
2725800615,ひまわり,06-6791-6822,06-6791-6822,大阪市平野区（以下略）,株式会社ともだち,4,2021/10/01
2725800623,グループホーム　ベル,06-7777-1699,06-7632-3059,大阪市平野区（以下略）,株式会社ＯＮＥＬ．,4,2021/10/01
2725800631,グループホームブリッチ喜連西,06-6760-5649,06-6760-5622,大阪市平野区（以下略）,デリファーム株式会社,4,2021/10/01
2723300295,ほりごたつのおうち,06-6625-8812,06-6625-8813,大阪市西成区（以下略）,一般社団法人聖天下就労支援センター,8,2021/10/01
2723300303,いろり,06-6652-3705,06-6652-3706,大阪市西成区（以下略）,一般社団法人いろり,4,2021/10/01
2721800031,あしすとドーム前,06-7410-4951,06-7410-4951,大阪市西区（以下略）,株式会社サイバー・セキュリティ・ソリューションズ,4,2021/09/01
2721000129,グループホーム　ＡＯＹ塚本,06-6829-7786,072-242-4807,大阪市西淀川区（以下略）,株式会社ＡＯＹ,4,2021/09/01
2723000234,グループホームパラトレ新大阪�U,06-6748-0297,06-6748-0298,大阪市東淀川区（以下略）,株式会社ＴＥＰＰＥＮ,4,2021/09/01
2723000242,はこぶね淡路,080-2371-9612,06-6152-9627,大阪市東淀川区（以下略）,特定非営利活動法人方舟,5,2021/09/01
2721500243,ＬｉＮＣＵＥホーム,06-6180-7971,06-6180-7971,大阪市東成区（以下略）,株式会社ＬｉＮＣＵＥ,4,2021/09/01
2721500250,ＤＮハウス,06-6763-8800,06-6971-6688,大阪市東成区（以下略）,株式会社Ｄ＆Ｎ,4,2021/09/01
2722200462,ＯＬＩＶＩＡ＋ＨＯＭＥ　�T,06-7896-8295,06-7896-1103,大阪市生野区（以下略）,オリビア合同会社,4,2021/09/01
2722000284,グループホームアネモネ,06-6691-0527,06-6691-0527,大阪市住吉区（以下略）,ｍｏｕ株式会社,4,2021/09/01
2722000268,グループホーム　ニコリ,06-6910-4350,06-6910-4351,大阪市住吉区（以下略）,株式会社帝商産業,9,2021/09/01
2722000276,グループホームＳＵＮＮＹ,080-6129-4031,06-6926-4906,大阪市住吉区（以下略）,株式会社Ｈ＆Ｂ６０,4,2021/09/01
2720800420,つぐみの家東住吉,080-7330-1552,06-6777-9929,大阪市東住吉区（以下略）,一般社団法人つぐみ,4,2021/09/01
2725800607,グループホームいつき,090-4853-3242,06-6794-1481,大阪市平野区（以下略）,株式会社樹サポート,6,2021/09/01
2721800023,ライズグループホーム新町,090-2019-5017,,大阪市西区（以下略）,株式会社ＲＩＳＥ　ＧＲＯＵＰ,4,2021/08/01
2724300088,グループホーム健水,06-6211-8637,06-6211-8638,大阪市浪速区（以下略）,健水ライフサイエンス株式会社,6,2021/08/01
2723000226,グループホームあーるえいち新大阪,072-980-7050,072-980-7051,大阪市東淀川区（以下略）,株式会社ＲＨ,4,2021/08/01
2722200447,グループホームＪＯＹ,06-6789-3131,06-6789-3100,大阪市生野区（以下略）,株式会社ＪＯＩＮＴ,4,2021/08/01
2722200454,Ｔ’ｓ　Ｈｏｕｓｅ,06-6712-0920,06-4980-4646,大阪市生野区（以下略）,特定非営利活動法人大阪市市民生活支援センター,6,2021/08/01
2722300171,まほろば１,06-4963-3801,06-4963-3802,大阪市阿倍野区（以下略）,株式会社Ｓ−ＦＩＥＬＤ,4,2021/08/01
2722000250,ＡＬＩＶＩＯ,080-3820-9944,,大阪市住吉区（以下略）,株式会社ＬＩＦＩＸ,4,2021/08/01
2720800404,グループホーム３３,06-7508-6550,06-7508-6550,大阪市東住吉区（以下略）,株式会社ＨＡＲＵ　ＨＡＲＵ,4,2021/08/01
2720800412,グループホームホープ,06-6442-7031,06-6442-7031,大阪市東住吉区（以下略）,株式会社エムレガロ,6,2021/08/01
2725800599,グループホームプレジャー,06-6777-5091,06-6777-5091,大阪市平野区（以下略）,株式会社プレジャー,4,2021/08/01
2723300287,障がい者グループホーム　くりの木,06-4303-3773,06-4303-3772,大阪市西成区（以下略）,株式会社クリサポ,5,2021/08/01
2723000200,グループホームさんふらわー,090-7493-9045,06-6748-0298,大阪市東淀川区（以下略）,一般社団法人Ｓｕｎふらわー,4,2021/07/01
2723000218,グループホーム　パラトレ新大阪,06-6748-0297,06-6748-0298,大阪市東淀川区（以下略）,株式会社ＴＥＰＰＥＮ,4,2021/07/01
2721500227,ぴぃすはぁと,06-6764-0543,06-6764-0564,大阪市東成区（以下略）,有限会社　ＰｅａｃｅＨｅａｒｔ,4,2021/07/01
2721500235,ラッキーハウス,06-6926-4902,06-6926-4906,大阪市東成区（以下略）,株式会社ＥａｒｎｅｓｔＮｉｎｅ,4,2021/07/01
2729200218,ウィル,06-6912-5588,06-6913-5075,大阪市鶴見区（以下略）,株式会社サン電設,5,2021/07/01
2722300163,Ａｕｎ　Ｈｏｍｅ,06-6131-1818,06-6131-1819,大阪市阿倍野区（以下略）,株式会社クレバリュー,12,2021/07/01
2722000243,ノブカンホーム,06-6629-8166,06-7635-7407,大阪市住吉区（以下略）,株式会社ノブカントリー,4,2021/07/01
2720800396,セルフサポート　さくら,06-6711-0110,06-6711-0369,大阪市東住吉区（以下略）,株式会社ＰＡＧＥ　Ｒ,4,2021/07/01
2720800388,慈風の家,06-6629-8687,06-6629-8687,大阪市東住吉区（以下略）,一般社団法人慈敬,5,2021/07/01
2725800581,グループホームｃｕｏｒｅ,06-6708-0101,06-6708-0101,大阪市平野区（以下略）,株式会社せいあい,4,2021/07/01
2720800362,ドリーム・プリン　社宅,06-6797-2861,06-6705-1551,大阪市東住吉区（以下略）,株式会社スガ,7,2021/06/01
2720800370,ふれあいハウス・どん,06-6777-9692,,大阪市東住吉区（以下略）,合同会社ケア・コーポレーション岳都,4,2021/06/01
2725800573,グループホーム　グッドライフ,080-4490-8484,,大阪市平野区（以下略）,合同会社セルフステージ,4,2021/06/01
2722800105,わおん　おおさか　此花,06-6318-1883,06-6318-1882,大阪市此花区（以下略）,株式会社輝ホールディングス,6,2021/05/01
2721800015,愛丸グループホーム新町,090-3272-7658,,大阪市西区（以下略）,株式会社ワイズアップ,10,2021/05/01
2722700099,廣陽荘,06-6695-7442,06-6695-7402,大阪市大正区（以下略）,一般社団法人笑福,6,2021/05/01
2724300070,ハッピーホーム,06-6136-7761,06-6136-8167,大阪市浪速区（以下略）,株式会社ｆｒｉｅｎｄｓ,4,2021/05/01
2721000111,グループホームわたあめ,06-7777-0130,06-7777-0130,大阪市西淀川区（以下略）,株式会社ＬＤＳＪＡＰＡＮ,4,2021/05/01
2724400151,グループホーム「和奏（わかな）」,06-6180-4885,06-6180-4886,大阪市城東区（以下略）,一般社団法人和奏,10,2021/05/01
2724400169,グループホームＮｉｎｅ,06-4309-7025,06-6949-8637,大阪市城東区（以下略）,株式会社Ｎｉｎｅ,13,2021/05/01
2722000235,グループホーム共育大阪,090-1908-0219,072-655-7705,大阪市住吉区（以下略）,株式会社ビゴラスポイント,4,2021/05/01
2720800354,グループホームブリッチ杭全,06-6760-5649,06-6760-5622,大阪市東住吉区（以下略）,株式会社リ・ポール,4,2021/05/01
2725800565,あじさい,06-6777-2792,06-6777-2792,大阪市平野区（以下略）,株式会社ＺＥＮ　ＣＡＲＥ,8,2021/05/01
2725800557,グループホームはるかぜ,06-6777-3023,06-677-3023,大阪市平野区（以下略）,株式会社ＺＥＫＡＲＵＨＡ,19,2021/05/01
2725800540,グループホームブリッチ西脇,06-6760-5649,06-6760-5622,大阪市平野区（以下略）,株式会社リ・ポール,4,2021/05/01
2721700058,アベラ・スマイル・ホーム,06-6777-4329,06-6777-4574,大阪市天王寺区（以下略）,株式会社アベラスマイルパートナー,5,2021/04/01
2724300062,ＣＯＣＯｄｅＰＳ恵美須Ａ,06-6643-9011,06-6537-1597,大阪市浪速区（以下略）,株式会社ＫＳパートナーズ,4,2021/04/01
2721500219,ライフサポートハジメ,080-1456-0782,06-6926-4906,大阪市東成区（以下略）,株式会社ファーストステップ,10,2021/04/01
2721500193,地域生活援助事業所あーす,06-6971-2735,06-6971-2735,大阪市東成区（以下略）,社会福祉法人大阪市手をつなぐ育成会,5,2021/04/01
2721500201,ウェルウェル東成,06-7410-2802,,大阪市東成区（以下略）,一般財団法人国際福祉人権研究財団,5,2021/04/01
2722200405,テララハウス生野,06-4392-7643,06-7632-3393,大阪市生野区（以下略）,レオフランマ株式会社,4,2021/04/01
2722200413,ほっとハウス・生野,06-6755-0301,06-6755-0302,大阪市生野区（以下略）,株式会社イノス,8,2021/04/01
2722200439,フリーライフ鶴橋,080-4019-2990,0729-21-1898,大阪市生野区（以下略）,株式会社フリーケア,15,2021/04/01
2722200421,グループホーム「一条通りの家」,06-7890-1006,06-7890-1006,大阪市生野区（以下略）,アデランテ株式会社,5,2021/04/01
2723100158,グループホームオリビの森,06-7177-3426,06-7177-3426,大阪市旭区（以下略）,株式会社オネスト,14,2021/04/01
2723100166,グループホームあさひ,06-6958-5510,06-6958-5511,大阪市旭区（以下略）,株式会社ＳＵＮＮＹ,6,2021/04/01
2729200200,ゆめケアホーム,06-6585-0961,06-6585-0962,大阪市鶴見区（以下略）,アップサポート合同会社,15,2021/04/01
2722000227,Ｃケアはうすあびこ,06-4701-5610,06-4701-5611,大阪市住吉区（以下略）,株式会社ＣＮＣ,4,2021/04/01
2722000219,障がい児者余暇生活支援センターじらふ　グループホームれんと,06-6678-7572,06-6678-7573,大阪市住吉区（以下略）,社会福祉法人　ライフサポート協会,6,2021/04/01
2722000201,障がい児者余暇生活支援センターじらふ　グループホームあると,06-6678-7572,06-6678-7573,大阪市住吉区（以下略）,社会福祉法人　ライフサポート協会,6,2021/04/01
2725800532,アミーゴ,06-6926-4902,06-6926-4906,大阪市平野区（以下略）,株式会社クボタ,4,2021/04/01
2723300261,カメラート,072-447-5370,072-447-5370,大阪市西成区（以下略）,株式会社Ｈ＆Ｕ,8,2021/04/01
2723300279,歩のかの家,06-6563-6655,06-6563-6670,大阪市西成区（以下略）,合同会社歩のか,4,2021/04/01
2723300253,共同生活援助チャレンジ,06-6562-5800,06-6562-6677,大阪市西成区（以下略）,社会福祉法人ヒューマンライツ福祉協会,15,2021/04/01
2721500185,プレシャスワン（玉津）,080-5358-4050,,大阪市東成区（以下略）,ライフコミットメント株式会社,10,2021/03/01
2722200397,グループホームほほえみ桃谷,06-7172-0561,06-7172-0561,大阪市生野区（以下略）,合同会社ＴＡＫＫほほえみ,4,2021/03/01
2724400144,グループホームひかり,06-6167-8548,06-6167-8547,大阪市城東区（以下略）,合同会社夢海会,10,2021/03/01
2722000193,グループホーム百合の丘,06-6654-6626,06-6654-6626,大阪市住吉区（以下略）,合同会社ｋｅｅｐｓａｋｅ,6,2021/03/01
2720800321,グループホームジョイフル,06-6532-6555,06-6532-6566,大阪市東住吉区（以下略）,ｆｏｒｃｅｓ株式会社,4,2021/03/01
2720800339,関西福祉サービス,06-6484-5264,06-7635-2917,大阪市東住吉区（以下略）,関西福祉サービス株式会社,4,2021/03/01
2720800347,共同生活援助　道の会,06-7171-6773,06-7171-6773,大阪市東住吉区（以下略）,株式会社道の会,4,2021/03/01
2725800524,オレンジホーム,06-6795-7575,06-6975-7574,大阪市平野区（以下略）,特定非営利活動法人おれんじ,4,2021/03/01
2725800516,グループホームテラス平野,06-6926-9161,06-7165-8164,大阪市平野区（以下略）,合同会社ｂｌｏｓｓｏｍ,4,2021/03/01
2725800508,みらいホーム平野,06-6760-5337,06-6760-5337,大阪市平野区（以下略）,株式会社ミライエ,27,2021/03/01
2723300238,グループホームまごころ,06-6627-9321,06-6627-9322,大阪市西成区（以下略）,合同会社こころナース,10,2021/03/01
2723300246,グループホーム　ルポエール,06-7164-7581,06-7164-7581,大阪市西成区（以下略）,株式会社ジョブシェアパートナーズ,4,2021/03/01
2723300212,グループホームなごみ庵,06-4394-7199,06-7635-8648,大阪市西成区（以下略）,一般社団法人なごみ,4,2021/03/01
2721000103,１ｓｔぷれいす西淀川,06-7777-4414,06-7777-4413,大阪市西淀川区（以下略）,株式会社シーシー,8,2021/02/01
2721500177,ウイルワンハウス,06-6924-9755,06-6924-9766,大阪市東成区（以下略）,株式会社ウイルワンサービス,4,2021/02/01
2722200389,チャコチャコハウス,06-6962-6600,06-6962-6600,大阪市生野区（以下略）,株式会社柳,4,2021/02/01
2722200371,フェイスホーム生野,06-6630-7131,06-6630-7132,大阪市生野区（以下略）,株式会社　ＦＡＩＴＨ,5,2021/02/01
2729200192,グループホームひかる,06-7175-1125,06-7175-1125,大阪市鶴見区（以下略）,笠藤トータルライフサポート合同会社,7,2021/02/01
2721700041,グループホームはぐくみ,06-7161-5127,06-7161-5127,大阪市天王寺区（以下略）,合同会社育,6,2021/01/01
2724300054,ファイトハウス,06-6214-3939,06-6214-3938,大阪市浪速区（以下略）,株式会社ＡＲＴ−ＩＮＮ,11,2021/01/01
2721500169,ひだまり,06-6978-5520,06-6730-7027,大阪市東成区（以下略）,合同会社Ｖｉｚｅ,15,2021/01/01
2722200363,桃谷キャンプ,06-4866-6835,06-6185-5540,大阪市生野区（以下略）,株式会社アーミー,5,2021/01/01
2720800313,グループホームアシスト,06-4305-1414,06-4305-1404,大阪市東住吉区（以下略）,株式会社新栄建設,7,2021/01/01
2720800305,グループホームなごみ,090-4853-3242,06-6794-1481,大阪市東住吉区（以下略）,株式会社和みサポート,12,2021/01/01
2723300196,はっぴーれいんぼー,06-6115-7086,06-6115-7087,大阪市西成区（以下略）,株式会社ＨＡＰＰＹ,6,2021/01/01
2723300204,フラワーボックス,06-6300-7718,06-6300-7783,大阪市西成区（以下略）,株式会社バトン,6,2021/01/01
2729400057,ナチュラルライフ,06-6585-7552,06-6585-7552,大阪市中央区（以下略）,合同会社ｎａｔｕｒａｌ＆ｌｉｆｅ,5,2020/12/01
2722300155,たまごのお家,06-0000-0000,,大阪市阿倍野区（以下略）,有限会社泉光企画,4,2020/12/01
2720800297,はなうたの家,06-7410-1861,,大阪市東住吉区（以下略）,Ａ＆Ｄ株式会社,8,2020/12/01
2725800490,ウェル翔夢ホーム　ルアナ,06-6776-2322,06-6776-2323,大阪市平野区（以下略）,特定非営利活動法人　翔夢,5,2020/12/01
2720200043,わおん障がい者グループホームなにわ,06-6743-4873,06-6743-4874,大阪市福島区（以下略）,株式会社アニスピホールディングス,16,2020/11/01
2722800097,グループホームＨａｎａ,06-6136-8774,06-6136-8774,大阪市此花区（以下略）,一般社団法人Ａｍｏｒ,8,2020/11/01
2723000192,花もも園,06-4862-7075,06-4862-7076,大阪市東淀川区（以下略）,社会福祉法人コミュニティキャンパス,10,2020/11/01
2722200355,リアル生野�T,06-6754-2585,06-6754-2585,大阪市生野区（以下略）,株式会社にこばん,7,2020/11/01
2722300148,グループホーム心,06-7173-8290,06-7173-8290,大阪市阿倍野区（以下略）,株式会社心,4,2020/11/01
2720800289,グループホームやさしさ,06-4392-7536,06-6654-6079,大阪市東住吉区（以下略）,合同会社せせらぎ,5,2020/11/01
2729400040,グループホームＡｍｉ,06-6975-7545,06-6975-7546,大阪市中央区（以下略）,合同会社Ａｍｉ,4,2020/10/01
2723000184,グループホーム　みつば,06-6944-5500,06-6944-6500,大阪市東淀川区（以下略）,株式会社三つ葉,8,2020/10/01
2721500144,グループホームＳＴＥＰ,06-6975-8870,06-6756-7707,大阪市東成区（以下略）,株式会社ｌｉｔ,12,2020/10/01
2721500151,Ｍ＆Ｓ,06-6599-9222,06-6654-9352,大阪市東成区（以下略）,株式会社Ｍ＆Ｓ,10,2020/10/01
2721500136,Ａｒａｒａ,06-6766-4651,06-6766-4652,大阪市東成区（以下略）,株式会社ＡｉｄＴｒｙ,6,2020/10/01
2725900100,憩,06-7178-7118,,大阪市住之江区（以下略）,有限会社ＭＹサポート,10,2020/10/01
2720800271,グループホームきづな,06-7177-9221,06-7177-9221,大阪市東住吉区（以下略）,合同会社ＴａｎＴａｎ,5,2020/10/01
2725800466,グループホームメープル,06-7171-0405,06-7173-4832,大阪市平野区（以下略）,株式会社ライフケアネクスト,4,2020/10/01
2725800474,グループホームブリッチ平野,06-6760-5649,06-6760-5622,大阪市平野区（以下略）,株式会社リ・ポール,7,2020/10/01
2729100103,グループホームＡＬＢＡ,06-6926-4511,06-6926-4511,大阪市淀川区（以下略）,株式会社ＡＳＨ,5,2020/09/01
2729100095,レジデンスよど,06-6770-9345,06-6770-9921,大阪市淀川区（以下略）,社会福祉法人　北摂杉の子会,10,2020/09/01
2723100141,Ｌｉｌｙ,06-6167-5231,06-6167-5232,大阪市旭区（以下略）,株式会社ａｎｔｈｅｍ,8,2020/09/01
2725800458,ルーツ,06-6707-2228,06-6707-2229,大阪市平野区（以下略）,ＨｕｍｍｉｎｇＬｉｆｅ株式会社,4,2020/09/01
2723300188,グループホームＱＯＬ,06-4967-7097,06-4967-7097,大阪市西成区（以下略）,合同会社ケアサポートＱＯＬ,4,2020/09/01
2722200348,ライフフィールドＮｉｎｅ（田島）,06-4309-7025,06-6949-8637,大阪市生野区（以下略）,株式会社Ｎｉｎｅ,26,2020/08/01
2722200322,はるのいえ大阪Ｃ,06-7173-7754,06-7173-7754,大阪市生野区（以下略）,株式会社ＨＡＬ,16,2020/08/01
2722200330,グループホームｎｉｃｏ生野西,090-3288-0131,,大阪市生野区（以下略）,株式会社ベースマイル,8,2020/08/01
2723100133,さんさんロード,06-6967-9595,06-6967-9596,大阪市旭区（以下略）,株式会社ビィーエイト,5,2020/08/01
2729200184,グループホーム琥珀,06-7710-0739,06-7710-0739,大阪市鶴見区（以下略）,合同会社栞,11,2020/08/01
2720800263,オハナホーム,06-6719-0550,06-6719-0550,大阪市東住吉区（以下略）,株式会社古池屋,13,2020/08/01
2723300170,わおんＯＳＡＫＡ,06-6599-8081,06-6599-8331,大阪市西成区（以下略）,有限会社　アリーナオカモト,9,2020/08/01
2725900092,ヴィラミカエルＨｏｌｙＨｏｍｅ,06-7502-7887,06-6105-1918,大阪市住之江区（以下略）,一般社団法人青空,4,2020/07/01
2725800441,グループホーム海,06-7709-4849,06-6793-0330,大阪市平野区（以下略）,合同会社Ｌｉｖｅ　Ｔｏｇｅｔｈｅｒ,11,2020/07/01
2725800433,グループホームあさがお,06-7164-4413,06-7173-4157,大阪市平野区（以下略）,合同会社アスター,8,2020/07/01
2722200314,縁家,06-6756-7020,06-6756-7022,大阪市生野区（以下略）,株式会社ワークロード,10,2020/06/01
2725900084,ぬくもりの家　住之江,06-4977-1547,06-7182-4040,大阪市住之江区（以下略）,合同会社ｓｔａｂｌｅ,21,2020/06/01
2720800255,マイスマイル,06-7710-0659,06-7710-0659,大阪市東住吉区（以下略）,合同会社マイスマイル,4,2020/06/01
2725800425,り・すーむ,06-6777-5479,06-7176-3999,大阪市平野区（以下略）,株式会社グローライフ,4,2020/06/01
2723000176,りぼん,06-6195-9365,06-6195-9375,大阪市東淀川区（以下略）,合同会社アドバンス,9,2020/05/01
2724400136,ＢＲＯＯＫホーム放出,06-6809-5430,06-6809-5430,大阪市城東区（以下略）,株式会社ＢＲＯＯＫ,8,2020/05/01
2725800417,ケアホーム輝き,06-6777-3637,06-6777-3637,大阪市平野区（以下略）,合同会社ＧＬＡＮＺ,8,2020/05/01
2723300162,Ｇｒｅｅｎ　Ｌｅａｖｅｓ,06-6224-0540,06-6224-0630,大阪市西成区（以下略）,一般社団法人ひきこもりねっと,5,2020/05/01
2729100087,しろくま,06-6398-9390,06-6398-9391,大阪市淀川区（以下略）,株式会社しろくま,12,2020/04/01
2723000168,ケアホームもえぎ,06-6829-7462,06-6829-7462,大阪市東淀川区（以下略）,株式会社ルーキス,4,2020/04/01
2724400128,ＧＨほっと・ステーション,06-6936-7006,06-6936-7006,大阪市城東区（以下略）,有限会社　ほっと・ステーション,12,2020/04/01
2720800248,らいとほーむ�T,06-7222-1248,06-7222-1248,大阪市東住吉区（以下略）,株式会社おーるらいと,10,2020/04/01
2720800230,かえる,06-6699-7699,06-6699-1990,大阪市東住吉区（以下略）,社会福祉法人　ふれあい共生会,14,2020/04/01
2725800409,グループホームＡＲＯＨＡ,06-7221-0546,06-6793-0330,大阪市平野区（以下略）,有限会社パッケム,4,2020/04/01
2722200306,アイビー,06-6160-8168,06-6160-6881,大阪市平野区（以下略）,株式会社�@．ｂ．,26,2020/04/01
2725800391,ＪＵＳＴホーム,06-6210-2315,06-6210-1743,大阪市平野区（以下略）,株式会社ＳｈｉｎＣ,8,2020/04/01
2722200298,障がい者グループホーム　ＹＥＬＬ〜エール　新今里,06-4308-5560,06-4308-5561,大阪市生野区（以下略）,有信アクロス株式会社,11,2020/03/01
2724400110,えんじゅホーム今福東,06-6969-6565,06-6969-6566,大阪市城東区（以下略）,合同会社Ｍａｋｉ　Ｌａｂ,13,2020/03/01
2725800383,グループホーム　のんびり,090-7490-5947,06-6700-6613,大阪市平野区（以下略）,特定非営利活動法人まるーく,6,2020/03/01
2729100079,障がいグループホームソレイユくんのお家十三,06-6476-9798,06-6476-9799,大阪市淀川区（以下略）,株式会社トゥレジュール,9,2020/02/01
2729200176,ホーム・ゲミニ,050-3188-6222,050-6875-6879,大阪市鶴見区（以下略）,株式会社ＡＳＴＲＡ,11,2020/02/01
2725800375,ＯＳ−ＨＯＵＳＥ,080-5318-3117,06-6708-3704,大阪市平野区（以下略）,合同会社すまいる,8,2020/02/01
2725800367,グループホーム　パレット,06-6777-5050,06-6777-5050,大阪市平野区（以下略）,株式会社ＧＲＡＮＴＲＥＥ,25,2020/01/01
2722800089,エソラ此花,06-6460-2120,06-6460-2111,大阪市此花区（以下略）,一般社団法人エソラ,11,2019/12/01
2722200280,グループホームスマイル,06-6120-9125,06-6120-9125,大阪市生野区（以下略）,株式会社日本スマイル,18,2019/12/01
2720800222,セルフサポートひまわり,06-6777-8483,06-6777-8981,大阪市東住吉区（以下略）,合同会社Ｄ　ｓｅｌｆ　ｓｕｐｐｏｒｔ,4,2019/12/01
2722000185,富永グループホーム,06-7493-2051,06-7493-2051,大阪市住吉区（以下略）,社会医療法人寿会,4,2019/11/01
2720800206,グループホームぽてと,06-6776-2358,06-6776-2359,大阪市東住吉区（以下略）,株式会社Ｏ−ｅｎ,15,2019/11/01
2720800180,グループホーム　幸樹,06-7890-8415,06-7890-8419,大阪市東住吉区（以下略）,株式会社ＭＡＲＩコーポレーション,6,2019/11/01
2720800214,ウォームハート東住吉,06-6616-7462,06-6616-7462,大阪市東住吉区（以下略）,ＫＥＩ株式会社,15,2019/11/01
2720800198,めぞん・ど・ぽとふ,06-6697-1704,06-6718-6011,大阪市東住吉区（以下略）,株式会社　ぽとふカンパニー,7,2019/11/01
2722000177,グループホーム　ロング,06-6695-1115,06-6115-8177,大阪市住吉区（以下略）,株式会社ＴＡＪＩＲＩ,7,2019/09/01
2724100058,Ｅｎｊｏｙ　Ｌｉｆｅ　Ｉｎ　Ｐｅａｃｅ,06-7182-2110,06-7182-2110,大阪市北区（以下略）,株式会社ツインズ,7,2019/07/01
2729100061,ケアホーム　オアシス,06-6306-6840,06-6306-6898,大阪市淀川区（以下略）,株式会社ＲｅＧｒｏｗ,4,2019/07/01
2723100125,グループホーム　ぽえむ,06-6947-8881,06-6947-8883,大阪市旭区（以下略）,株式会社Ｈｅａｒｔ　ｆｕｌｌ　Ｈａｎｄ,4,2019/07/01
2725800359,喜連の郷,06-6760-6177,06-6760-6177,大阪市平野区（以下略）,シーケープランニング合同会社,14,2019/07/01
2722200272,ラ・ビスタ３丁目,06-4980-5660,,大阪市生野区（以下略）,一般社団法人ラ・ビスタ,4,2019/06/01
2722800071,グループホームｎｉｃｏ,06-6147-8997,06-6147-5773,大阪市此花区（以下略）,ＯＴＴＯ合同会社,4,2019/05/01
2723300147,グループホーム　ライン,06-6562-9494,06-6585-9498,大阪市西成区（以下略）,合同会社ライン,7,2019/05/01
2725800342,ケアホーム平野東,06-6770-5073,06-7632-3074,大阪市平野区（以下略）,合同会社ｂｅｌｉｆｅ,4,2019/04/01
2720400163,グリーンハート南市岡,06-6710-9745,06-6710-9746,大阪市港区（以下略）,特定非営利活動法人南市岡地域活動協議会,12,2019/03/01
2722200264,ライフフィールドＮｉｎｅ,06-4309-7025,06-6949-8637,大阪市生野区（以下略）,特定非営利活動法人Ｎｉｎｅ,4,2019/03/01
2722000169,アナザースカイ　アトリエハウス２（ＳＵＮ）,090-1485-1763,,大阪市住吉区（以下略）,株式会社ふれあい薬局,17,2019/03/01
2720800172,ファミリエ�U,06-7171-6798,06-7182-7466,大阪市東住吉区（以下略）,協和医療　有限会社,4,2019/03/01
2720400155,エスポワール天保山,06-6537-9672,06-6537-9673,大阪市港区（以下略）,株式会社エスポワール,17,2019/02/01
2723100117,ＯＫＡＥＲＩ今市,06-6954-2555,06-6954-2556,大阪市旭区（以下略）,特定非営利活動法人ぴあらいふ,27,2019/02/01
2720800164,ふれあいのいえ・どん,06-6777-9692,06-6777-9692,大阪市東住吉区（以下略）,株式会社Ｔｓカンパニー,6,2019/02/01
2725800334,ケアホームミモザ,06-6777-7703,06-6777-7703,大阪市平野区（以下略）,株式会社キムコム,4,2019/02/01
2729200168,にぃる,090-6071-5167,,大阪市鶴見区（以下略）,合同会社よあけ,6,2019/01/01
2721000087,グループホームあずき,06-6459-9913,06-6459-9923,大阪市西淀川区（以下略）,株式会社アズキ,4,2018/12/01
2722200256,はるのいえ大阪Ｂ,06-4981-4919,,大阪市生野区（以下略）,株式会社ＨＡＬ,17,2018/12/01
2720800156,ゆめーず,06-6773-9441,06-6773-9441,大阪市東住吉区（以下略）,ＮＰＯ法人笑夢咲,6,2018/12/01
2723100109,グループホームわたぼうし,06-6167-9418,06-6167-9419,大阪市旭区（以下略）,株式会社Ｈｅａｒｔ　ｆｕｌｌ　Ｈａｎｄ,4,2018/11/01
2723000150,女性ホーム大阪,06-6320-1463,06-6320-1463,大阪市東淀川区（以下略）,一般社団法人ミモザ,10,2018/10/01
2725800326,グループホームひまわり園,06-4302-5454,06-4302-5454,大阪市平野区（以下略）,ＮＰＯ法人ひまわり園,8,2018/10/01
2725800318,れんこん,06-6700-0565,06-6700-4700,大阪市平野区（以下略）,特定非営利活動法人　あおぞら学園,5,2018/10/01
2721000079,ユグドラシル,06-7713-3969,06-7713-3969,大阪市西淀川区（以下略）,合同会社ＨＥＲＯ,6,2018/09/01
2723100091,グループホーム茶・茶,06-7505-8400,06-7505-8400,大阪市旭区（以下略）,合同会社Ｉｄｅａ　ｖｏｙａｇｅ,9,2018/09/01
2729200143,アンバー鶴見,06-4397-7637,06-4397-7638,大阪市鶴見区（以下略）,一般社団法人晄月,4,2018/09/01
2729200150,グループホーム　あんり,06-6914-2580,06-6914-2581,大阪市鶴見区（以下略）,合同会社Ｗｏｏｄ　Ｌｉｋｅ,18,2018/09/01
2721500128,のんき,06-6924-9975,06-6924-9976,大阪市東成区（以下略）,社会福祉法人　そよ風,13,2018/08/01
2725900076,こねくとの家,06-4702-7223,06-4702-7223,大阪市住之江区（以下略）,株式会社Ｃｏｎｎｅｃｔ,4,2018/08/01
2722000151,グループホームなごみえん住吉大社,06-6654-3535,06-6654-3535,大阪市住吉区（以下略）,合同会社プロスパー,5,2018/08/01
2725800300,はるのいえ大阪Ａ,06-6736-5150,06-6736-5150,大阪市平野区（以下略）,株式会社ＨＡＬ,25,2018/08/01
2721500110,グループホーム　にっこにこ今里,06-6210-2412,06-6210-2413,大阪市東成区（以下略）,プラスビーアンドパートナーズ株式会社,8,2018/07/01
2720800149,ファミリエ,06-6696-8223,06-6696-8224,大阪市東住吉区（以下略）,協和医療　有限会社,4,2018/07/01
2721500102,はぴねす今里,06-6975-9222,06-6975-9211,大阪市東成区（以下略）,株式会社ＭＹＲ,24,2018/06/01
2723300139,Ｔ−ＤＥＳＩＧＮ,06-6616-7018,06-6616-7019,大阪市西成区（以下略）,Ｔ−ＤＥＳＩＧＮ株式会社,6,2018/06/01
2725200048,虹の集い,06-7163-6664,06-4981-6582,大阪市都島区（以下略）,株式会社エム・ティーケア,17,2018/05/01
2724400094,グループホーム白樺,06-7165-6010,06-7165-6010,大阪市城東区（以下略）,ＮＰＯ法人しおり,4,2018/05/01
2725900068,プレジール,080-9608-8018,,大阪市住之江区（以下略）,一般社団法人プレジール,7,2018/05/01
2720800131,グループホームあったか,06-6777-9081,06-6777-9082,大阪市東住吉区（以下略）,特定非営利活動法人明,4,2018/05/01
2722800063,晴れたらいいなぁ,06-6460-1367,06-6460-1367,大阪市此花区（以下略）,合同会社匡,17,2018/04/01
2722200231,あったかホームいくの,06-7506-8849,06-7506-8849,大阪市生野区（以下略）,合同会社あったかホーム,8,2018/04/01
2722200249,グレープ,06-6712-3210,06-6712-3210,大阪市生野区（以下略）,一般社団法人　イエローリボン,18,2018/04/01
2725800292,やすらぎ,06-4303-7771,06-4303-7771,大阪市平野区（以下略）,ｍｏｏｌａ合同会社,24,2018/04/01
2721500094,グループホーム大今里,06-7509-4077,06-7509-4077,大阪市東成区（以下略）,一般社団法人フェリスモンテ,5,2018/03/01
2722700073,恵の光鶴浜,06-6556-4411,06-6556-4411,大阪市大正区（以下略）,株式会社プルース,8,2018/02/01
2723000143,グループホームたいよう,06-6226-8875,06-6120-9125,大阪市東淀川区（以下略）,特定非営利活動法人明日のステージを創る会,8,2018/02/01
2723300121,さざんか,06-7709-2275,06-7709-2275,大阪市西成区（以下略）,株式会社スプラウト,4,2018/01/01
2725900050,グループホームみらい,06-6657-4559,06-6657-4559,大阪市住之江区（以下略）,株式会社アヴニール,8,2017/12/01
2723300113,グループホームジヨン,06-4398-3838,06-4398-3838,大阪市西成区（以下略）,株式会社ジヨン,5,2017/12/01
2729200127,ケアホームエイト,06-7162-2886,06-7162-2886,大阪市鶴見区（以下略）,株式会社エイト,8,2017/11/01
2722000144,アナザースカイ　アトリエハウス,06-6770-5396,06-6770-5397,大阪市住吉区（以下略）,株式会社ふれあい薬局,20,2017/07/01
2725900043,ふれあいホームさくらっ子,06-6613-1055,06-6613-1056,大阪市住之江区（以下略）,株式会社　さくらっ子,6,2017/06/01
2722000136,ＴＡＫグループホーム長居公園,06-6776-8530,06-6776-8530,大阪市住吉区（以下略）,合同会社ＴＡＫ,18,2017/06/01
2723000135,すぴか,06-6370-0168,,大阪市東淀川区（以下略）,社会福祉法人　ひがしよどがわ福祉会,4,2017/05/01
2725800276,グループホーム　花の彩,06-6792-9412,00-0000-0000,大阪市平野区（以下略）,株式会社彩,10,2017/05/01
2722800055,グループホーム　コアの森,06-6147-4884,06-6147-4884,大阪市此花区（以下略）,ＮＰＯ法人ＭＵＡ未来,23,2017/04/01
2724300047,ケアホーム　いこい,06-6644-1188,06-6644-1187,大阪市浪速区（以下略）,合同会社ＷｅｌＣｒｏｗｎ,15,2017/04/01
2721500078,グループホームアイディアル,06-6730-9930,06-6730-9931,大阪市東成区（以下略）,株式会社アイディアルサポート,6,2017/04/01
2729200119,グループホーム　みらい,06-6926-9979,,大阪市鶴見区（以下略）,株式会社未来サポート,5,2017/04/01
2729200101,グループホーム　そら,06-6930-1123,06-6930-0808,大阪市鶴見区（以下略）,一般社団法人よもぎ,6,2017/04/01
2725900035,ぴあほーむ,06-6115-6550,06-6690-7759,大阪市住之江区（以下略）,株式会社　夢空間,6,2017/04/01
2725800268,グループホーム　ゆう平野東,070-5045-9876,06-6769-8881,大阪市平野区（以下略）,株式会社ＪＡＰＡＮ　ＬＩＦＥ,16,2017/04/01
2721700033,すまいるレジデンス　ｆｏｒ　ｔｈｅ　ＤｅａｆＢｌｉｎｄ　ミッキーＨＯＵＳＥ,06-6776-2000,06-6776-2012,大阪市天王寺区（以下略）,ＮＰＯ法人ヘレンケラー自立支援センターすまいる,10,2017/03/01
2722300130,ほのぼのあべのはうす,06-6657-5294,06-6657-5294,大阪市阿倍野区（以下略）,合同会社ほのぼの家族,10,2017/03/01
2720800123,きらら,06-4305-7737,06-4305-7757,大阪市東住吉区（以下略）,株式会社Ｋｉｒａｒａ,8,2017/03/01
2729200093,グループホーム快宅（かいたく）,06-7174-0445,06-7174-0445,大阪市鶴見区（以下略）,合同会社縁家,9,2017/01/01
2724400086,グループホーム　ぜ・す・と,06-6932-7580,06-6932-7580,大阪市城東区（以下略）,特定非営利活動法人　燦然会,6,2016/12/01
2725800250,みなくるホーム,06-6797-2700,06-6777-4552,大阪市平野区（以下略）,有限会社　ピュアクオリティ,4,2016/12/01
2723100083,うつろいの里,06-6954-2555,06-6954-2556,大阪市旭区（以下略）,特定非営利活動法人ぴあらいふ,29,2016/11/01
2721700025,きずなライフケアホーム,06-6773-5177,06-6773-5185,大阪市天王寺区（以下略）,ＮＰＯ法人介護予防の星きずな,10,2016/09/01
2725800243,だんだん,06-6701-6557,06-6701-6557,大阪市平野区（以下略）,特定非営利活動法人　トライアングル,6,2016/09/01
2722200223,グループホーム　オリーブ舎利寺,06-6626-0555,06-6626-0556,大阪市生野区（以下略）,株式会社　ピースフル,5,2016/08/01
2729200085,グループホーム住立（すだち）,06-6913-2533,06-6913-2533,大阪市鶴見区（以下略）,特定非営利活動法人感生,13,2016/08/01
2723000127,イマジン,06-4862-7012,06-4862-7012,大阪市東淀川区（以下略）,一般社団法人ミモザ,5,2016/07/01
2722200181,アムールの里,06-6998-6657,,大阪市生野区（以下略）,アムール合同会社,4,2016/07/01
2722200199,ひらめき,06-6777-1161,06-6777-1162,大阪市生野区（以下略）,合同会社ＨｉＲａＭｅＫｉ,4,2016/07/01
2722200207,ひだまり,06-4305-3591,06-4305-3591,大阪市生野区（以下略）,株式会社ＴＭ’Ｓ,22,2016/07/01
2723300105,ＧＨ　Ｂｌｏｏｍ,06-6561-0139,06-6561-0139,大阪市西成区（以下略）,一般社団法人大阪パーソンパワーの会,5,2016/07/01
2725900027,ときホーム,06-4703-2525,06-4703-1414,大阪市住之江区（以下略）,一般社団法人発達支援センターここ,20,2016/05/01
2721000061,グループホーム　げんきな郷,06-6475-0138,06-6475-0138,大阪市西淀川区（以下略）,有限会社げんきなむら,8,2016/04/01
2722200173,グループホーム　いけいけ・こいこい,06-6731-5151,06-6731-5151,大阪市生野区（以下略）,特定非営利活動法人　障害者市民地域生活支援機構,4,2016/04/01
2729200077,トライアングル,06-6780-4162,06-6780-4162,大阪市鶴見区（以下略）,有限会社　すみれ,13,2016/02/01
2729200069,グループホームみどり,06-6912-6261,06-6912-8037,大阪市鶴見区（以下略）,一般社団法人なごみ,9,2016/01/01
2722000128,グループホーム　みんなの家（おうち）,06-6694-1750,06-6694-1712,大阪市住吉区（以下略）,一般社団法人おもいやり,10,2016/01/01
2721000053,ケアホーム・フォレスト,06-6195-5444,06-6195-5444,大阪市西淀川区（以下略）,一般社団法人Ｃｌｏｖｅｒ,16,2015/12/01
2725800235,そらの家,06-4305-4832,06-4305-4945,大阪市平野区（以下略）,一般社団法人爽楽,13,2015/12/01
2729200051,グループホーム　ハナミズキ,06-6912-7345,06-6912-7345,大阪市鶴見区（以下略）,特定非営利活動法人こうろ,5,2015/11/01
2729100053,にいたかの里,06-6392-2710,06-6392-2713,大阪市淀川区（以下略）,社会福祉法人　平成福祉会,10,2015/10/01
2720800107,ケアホームひまわり桑津,06-7165-6777,06-7182-5386,大阪市東住吉区（以下略）,一般社団法人ひまわり,10,2015/07/01
2720800115,ほっと駒川,06-6608-0078,06-6615-9968,大阪市東住吉区（以下略）,特定非営利活動法人長居公園元気ネット,4,2015/07/01
2722200157,グループホームミル,06-6757-7705,06-6757-7705,大阪市生野区（以下略）,株式会社　神戸屋,26,2015/04/01
2722200165,グループホームラ・ビスタ舎利寺,06-7174-2323,,大阪市生野区（以下略）,一般社団法人ラ・ビスタ,4,2015/04/01
2722000110,ケアホームおりおの,06-6697-7732,06-6697-7955,大阪市住吉区（以下略）,相生株式会社,40,2015/04/01
2723300097,つるみばしホーム,06-6561-1205,06-6561-1205,大阪市西成区（以下略）,社会福祉法人なでしこ会,7,2015/04/01
2722800048,ＮＰＯ法人　関西七福神グループホームどんぐり,06-6466-0729,,大阪市此花区（以下略）,ＮＰＯ法人関西七福神グループ,10,2015/03/01
2723000119,ケアホーム桜の樹,06-6195-8121,06-6195-8121,大阪市東淀川区（以下略）,合同会社あおぞら,8,2015/03/01
2723100075,よつば,06-6929-2380,06-6929-2390,大阪市旭区（以下略）,社会福祉法人　リベルタ,7,2015/03/01
2725800227,グループホームくらす,06-4305-4470,06-4305-4470,大阪市平野区（以下略）,有限会社ＳＫ,9,2015/03/01
2722200140,集居,06-7494-7344,06-7494-7344,大阪市生野区（以下略）,イエローリボン株式会社,37,2015/02/01
2720800099,グループホームひかり,06-6711-0420,06-6711-0420,大阪市東住吉区（以下略）,有限会社ミツヤマ,7,2015/02/01
2725200030,ケアホーム、ひまわり,06-4981-9694,06-4981-9694,大阪市都島区（以下略）,一般社団法人ひまわり,35,2015/01/01
2722800030,おりーぶ庵西九条,06-6940-6797,06-6940-6798,大阪市此花区（以下略）,おりーぶ庵株式会社,15,2015/01/01
2721000046,ポルテみてじま,06-6379-3681,06-6379-3682,大阪市西淀川区（以下略）,インビレッジ株式会社,11,2014/12/01
2723000101,グループホームわかば,06-6318-1505,06-6318-1516,大阪市東淀川区（以下略）,社会福祉法人コミュニティキャンパス,32,2014/07/01
2724300039,ミンナ・ハウス,06-6684-9027,06-6684-9027,大阪市浪速区（以下略）,一般社団法人大地のめぐみ,15,2014/05/01
2722200124,メゾン桃谷,06-6731-3266,06-6731-3266,大阪市生野区（以下略）,ＮＰＯ法人日和,4,2014/04/01
2724400078,あかね,06-6968-0515,06-6968-0515,大阪市城東区（以下略）,社会福祉法人　なかま福祉会,10,2014/04/01
2720800081,なでしこ,06-6792-9539,06-6792-9539,大阪市東住吉区（以下略）,社会福祉法人　今川学園,5,2014/04/01
2724100041,近畿福祉会　カーサ堂島,06-6136-5703,06-6136-5704,大阪市北区（以下略）,一般社団法人近畿福祉会,10,2014/03/01
2720400148,ケアホーム・スマイル,06-6686-2223,06-6686-2225,大阪市住之江区（以下略）,有限会社　ジャパンケアニジュウイチ,24,2014/03/01
2725800219,ケアホームあんじゅ,06-6705-6996,06-7173-1014,大阪市平野区（以下略）,ＮＰＯ法人あんじゅ,13,2013/12/01
2722200116,グループホーム　はなうた,06-6741-4011,06-6741-4021,大阪市生野区（以下略）,特定非営利活動法人　Ｑ．Ｂ,4,2013/08/01
2721000038,わいわい,06-6471-7729,06-6471-7729,大阪市西淀川区（以下略）,特定非営利活動法人　いきいき,13,2013/04/01
2723100067,ケアホーム　トトロ,06-6953-9135,06-6953-9135,大阪市旭区（以下略）,特定非営利活動法人　光の友,4,2013/04/01
2720800073,ホープ田辺,06-6621-7439,06-6621-7439,大阪市東住吉区（以下略）,特定非営利活動法人スマイルホープ,7,2013/04/01
2723000093,Ｂａｍｂｉｎｏ東淀川,06-6323-6651,06-6323-6652,大阪市東淀川区（以下略）,ヴェローナケア株式会社,17,2013/03/01
2724400060,グループホーム自由社,06-7177-1628,06-7163-0669,大阪市城東区（以下略）,株式会社　自由社,5,2013/03/01
2720400130,みんなのいえ,06-6572-7572,06-7502-1720,大阪市港区（以下略）,ＮＰＯ法人ラッキーセサミ,11,2012/11/01
2722700040,ことのは,06-6465-9133,06-6465-3301,大阪市大正区（以下略）,社会福祉法人　ゆうのゆう,7,2012/11/01
2722300114,あべのアロハホーム,06-6624-6685,06-6624-9701,大阪市阿倍野区（以下略）,特定非営利活動法人　至誠,26,2012/11/01
2720400122,あいらぶホーム,06-4395-7588,,大阪市港区（以下略）,社会福祉法人大阪聴覚障害者福祉会,6,2012/10/01
2722700032,コウエイ,06-6555-5448,06-6555-5448,大阪市大正区（以下略）,株式会社　光惠,13,2012/09/01
2723300089,グループホーム・あいえる,06-6656-1785,06-6656-1786,大阪市西成区（以下略）,社会福祉法人　あいえる協会,10,2012/05/01
2723300071,ほうゆう,06-6659-3240,06-6659-2673,大阪市西成区（以下略）,社会福祉法人　精神障害者社会復帰促進協会,14,2012/04/01
2722300106,ライフステージあべの,06-6115-6687,06-6115-6684,大阪市阿倍野区（以下略）,特定非営利活動法人　ワークステージ,11,2012/03/01
2722800014,ケアホームちどり,06-6462-5062,06-6462-5062,大阪市此花区（以下略）,特定非営利活動法人はばたく,7,2012/01/01
2721500052,ケアホームビクトワール,06-6976-0598,06-6976-0598,大阪市東成区（以下略）,株式会社　ビクトワール,7,2011/11/01
2725800185,ケアホームみんなの木,06-6793-4355,06-6793-4363,大阪市平野区（以下略）,特定非営利活動法人　Ｊ−ｐａｌ,12,2011/10/01
2720800065,ほのぼのホーム,06-6705-0505,06-6705-2030,大阪市東住吉区（以下略）,社会福祉法人　福祉ネット大和川,6,2011/09/01
2720400114,ケアホーム悠,06-6586-9693,06-6586-9693,大阪市港区（以下略）,特定非営利活動法人　悠々会,7,2011/08/01
2723000077,グループホームリズム,06-6330-8840,06-6330-8841,大阪市東淀川区（以下略）,特定非営利活動法人　ダ・カー歩,13,2011/08/01
2725800177,スマイリング喜連,06-6702-3109,06-6703-8832,大阪市平野区（以下略）,特定非営利活動法人　ティンクル,10,2011/07/01
2722200090,いわき生野学園ネバーランドホーム,06-4309-5280,06-4309-5280,大阪市生野区（以下略）,社会福祉法人　いわき学園,10,2011/05/01
2722000102,大領地域の家であいケアホームであい,06-4700-2010,06-4700-2011,大阪市住吉区（以下略）,社会福祉法人　ライフサポート協会,7,2011/05/01
2722200074,ちっぷりの家,06-6757-6312,06-6757-6312,大阪市生野区（以下略）,社会福祉法人　ストローム福祉会,4,2011/03/01
2724400052,灯里,06-6964-4383,06-6964-4383,大阪市城東区（以下略）,イエローリボン株式会社,27,2011/01/01
2721500045,コックピット,06-6944-1570,06-6944-1580,大阪市東成区（以下略）,特定非営利活動法人　ひこうせん,5,2010/11/01
2722000094,ぽむ,06-7850-1429,06-7850-1429,大阪市住吉区（以下略）,社会福祉法人　よさみ野福祉会,13,2010/11/01
2723000069,ケアホームノア,06-6327-0277,06-6327-5150,大阪市東淀川区（以下略）,特定非営利活動法人　アビリティおおさか,8,2010/04/01
2720800057,リオ,06-4703-3740,06-6628-0271,大阪市東住吉区（以下略）,特定非営利活動法人ちゅうぶ,7,2010/04/01
2725800169,コムニタスの家,06-6703-0584,06-6703-0364,大阪市平野区（以下略）,特定非営利活動法人　コムニタス,7,2010/04/01
2725800151,自立ホームひまわり,06-6705-3045,06-6705-3045,大阪市平野区（以下略）,株式会社サンフェイス,5,2010/04/01
2722000078,グループホームほんわか,06-6607-1101,06-6607-1102,大阪市住吉区（以下略）,社会福祉法人　あいえる協会,10,2010/03/01
2725200022,ケアホームベスト,06-6354-1210,06-6354-1210,大阪市都島区（以下略）,医療法人　正正会,15,2009/12/01
2722200066,めぐり,06-6741-3537,06-6741-3537,大阪市生野区（以下略）,ＮＰＯ法人　生野共働の家,8,2009/10/01
2725800144,ビハーラ２１ケアホームあかんのん,06-6657-5700,06-6790-3400,大阪市平野区（以下略）,特定非営利活動法人　ビハーラ２１,39,2009/10/01
2729400032,”ばなな”ホーム,06-6944-7209,06-6944-7209,大阪市中央区（以下略）,社会福祉法人こはる福祉会,6,2008/04/01
2725800136,グループホーム夢,06-6790-0612,06-7501-8620,大阪市平野区（以下略）,特定非営利活動法人　わかたけ会,25,2008/04/01
2723000051,うぃるハウス,06-6321-3955,06-6325-6320,大阪市東淀川区（以下略）,社会福祉法人　路交館,36,2008/01/01
2722300098,Ｃａｓａミオ,06-6621-5309,06-6621-5309,大阪市阿倍野区（以下略）,株式会社　フェニックス,18,2008/01/01
2722300015,ベイトコーナス,06-6655-4051,06-6655-4051,大阪市阿倍野区（以下略）,特定非営利活動法人　コーナス,5,2007/06/01
2722700024,障害福祉サービス事業　グループホーム　かばの木（共同生活援助）,06-6552-8814,,大阪市大正区（以下略）,社会福祉法人　恩賜財団済生会支部大阪府済生会,8,2007/04/01
2724100025,グループホーム中津,06-6371-3000,06-6376-1267,大阪市北区（以下略）,社会福祉法人　光�ｺ寺善隣館,8,2006/10/01
2720200019,社会福祉法人すずらん福祉会グループホームひだまり,06-6450-1488,06-6450-1488,大阪市福島区（以下略）,社会福祉法人　すずらん福祉会,11,2006/10/01
2724100017,ムーンストーン２１,06-6454-8445,06-6454-8445,大阪市福島区（以下略）,社会福祉法人　大淀福祉会,14,2006/10/01
2720200027,地域生活援助事業所ビーンズ,06-6461-3334,06-6461-3334,大阪市福島区（以下略）,社会福祉法人大阪市手をつなぐ育成会,13,2006/10/01
2729400024,大肢協コミュニティホームズ・中央,06-6940-4186,06-6943-4668,大阪市中央区（以下略）,社会福祉法人　大阪府肢体不自由者協会,28,2006/10/01
2720400106,地域生活援助事業所メープル,06-6584-9261,06-6584-9262,大阪市港区（以下略）,社会福祉法人大阪市手をつなぐ育成会,37,2006/10/01
2722700016,ユニオン,06-6556-0881,06-6556-0882,大阪市大正区（以下略）,社会福祉法人　ワークスユニオン,54,2006/10/01
2724300021,グループホームなにわ,06-6633-3171,06-6633-3171,大阪市浪速区（以下略）,特定非営利活動法人　障害者地域生活支援の会なにわ,7,2006/10/01
2724300013,グループホームがじゅまる,06-6647-2077,06-6647-2087,大阪市浪速区（以下略）,社会福祉法人　ピースクラブ,12,2006/10/01
2721000012,姫島風の家,06-6477-8730,,大阪市西淀川区（以下略）,社会福祉法人　水仙福祉会,17,2006/10/01
2729100020,グループホームあえる,06-6301-0344,06-6301-0121,大阪市淀川区（以下略）,医療法人　遊心会,13,2006/10/01
2729100046,エスペランサ,06-6390-1514,06-6885-7813,大阪市淀川区（以下略）,社会福祉法人　関西中央福祉会,41,2006/10/01
2729100038,加島苑,06-6308-7206,06-6308-7299,大阪市淀川区（以下略）,社会福祉法人　加島友愛会,36,2006/10/01
2723000044,イーハトーブ風の家,06-6990-8270,06-6990-8271,大阪市東淀川区（以下略）,社会福祉法人　水仙福祉会,20,2006/10/01
2723000036,みんなのいえ,06-6328-2941,06-6328-2961,大阪市東淀川区（以下略）,社会福祉法人　ノーマライゼーション協会,37,2006/10/01
2723000028,ふれあいホーム,06-6324-4498,06-6324-4498,大阪市東淀川区（以下略）,特定非営利活動法人　東淀川ふれあい市民の会,12,2006/10/01
2722300049,清心ぴっころ,06-6972-8065,06-6972-8066,大阪市東成区（以下略）,社会福祉法人　清心会,27,2006/10/01
2721500029,サボテンハウス,06-7503-4455,06-7503-4455,大阪市東成区（以下略）,特定非営利活動法人　東成精神障害者を支える会サラダ倶楽部,23,2006/10/01
2722200033,グループホームＨＩＴ,06-6754-3586,06-6754-3586,大阪市生野区（以下略）,特定非営利活動法人　精神障害者支援の会ヒット,20,2006/10/01
2725500116,ホームズ中央,06-6751-5074,06-6751-5074,大阪市生野区（以下略）,社会福祉法人　大阪手をつなぐ育成会,22,2006/10/01
2722200017,ひかりのおひさまハウス,06-6758-6078,06-6758-6078,大阪市生野区（以下略）,社会福祉法人　ひかり,12,2006/10/01
2722200025,社会福祉法人聖フランシスコ会生野みんなの家,06-6785-7301,06-6785-7301,大阪市生野区（以下略）,社会福祉法人　聖フランシスコ会,12,2006/10/01
2722200041,グループホームとんぼまる,06-6751-3141,06-6751-3141,大阪市生野区（以下略）,特定非営利活動法人　出発のなかまの会,28,2006/10/01
2723100059,あかつきの家,06-6954-0971,06-6954-0972,大阪市旭区（以下略）,社会福祉法人　大阪福祉事業財団,21,2006/10/01
2723100042,グループホームひまわり,06-6929-1656,06-6929-1656,大阪市旭区（以下略）,社会福祉法人　地域ゆめの会,21,2006/10/01
2723100034,ＳＵＭＵＳＵＭＵ,06-6951-3321,06-6951-3321,大阪市旭区（以下略）,特定非営利活動法人　ライフサイクルサポート関西,15,2006/10/01
2723100026,旭東グループホーム,06-6955-1124,,大阪市旭区（以下略）,特定非営利活動法人　さかえ会,9,2006/10/01
2724400045,かえでの家,06-6930-7045,06-6930-7045,大阪市城東区（以下略）,社会福祉法人　大阪福祉事業財団,34,2006/10/01
2729200028,グループホーム　つばき,06-6939-1101,06-6939-1102,大阪市城東区（以下略）,社会福祉法人　椿福祉会,33,2006/10/01
2724400011,からたち,06-6924-9975,06-6924-9976,大阪市城東区（以下略）,社会福祉法人　そよ風,8,2006/10/01
2722300023,医療法人西口診療所グループホームＡＢＥＮＯ,06-6719-2702,06-6719-4502,大阪市阿倍野区（以下略）,医療法人　西口診療所,4,2006/10/01
2722300072,グループホームアテナ,06-6629-7778,06-6621-5575,大阪市阿倍野区（以下略）,社会福祉法人日本ヘレンケラー財団,48,2006/10/01
2722300056,グループホームいちご,06-6605-1153,06-6605-1153,大阪市阿倍野区（以下略）,特定非営利活動法人　いちごの会,35,2006/10/01
2722300080,四天王寺さんめい苑サポートハウス宙,06-6605-1050,06-6625-0481,大阪市阿倍野区（以下略）,社会福祉法人　四天王寺福祉事業団,10,2006/10/01
2722300064,ミッキーハウス,06-6648-1717,06-6648-1300,大阪市阿倍野区（以下略）,特定非営利活動法人　大阪マック,25,2006/10/01
2725900019,虹,050-3328-3119,06-6684-2700,大阪市住之江区（以下略）,社会福祉法人　いわき学園,11,2006/10/01
2722000045,第２ひかり荘,06-6697-5880,06-6697-5880,大阪市住吉区（以下略）,社会福祉法人あさか会,34,2006/10/01
2722000037,ひかり荘,06-6698-5702,06-6698-5752,大阪市住吉区（以下略）,社会福祉法人あさか会,21,2006/10/01
2722000011,障がい児者余暇生活支援センターじらふグループホームだいく,06-6678-7572,06-6678-7573,大阪市住吉区（以下略）,社会福祉法人　ライフサポート協会,8,2006/10/01
2720800040,みんなの家「フェロー」,06-6797-9916,06-6797-8110,大阪市東住吉区（以下略）,特定非営利活動法人　だんでらいおん,15,2006/10/01
2725800060,ホームａ,06-6709-3525,06-6709-3525,大阪市東住吉区（以下略）,特定非営利活動法人ヤハウェ,8,2006/10/01
2720800016,グループホーム　みんと,06-6708-7606,06-6708-7607,大阪市東住吉区（以下略）,社会福祉法人　つむぎ福祉会,45,2006/10/01
2725800102,永寿ホームあおぎり,06-4302-3366,06-4302-3366,大阪市平野区（以下略）,社会福祉法人　永寿福祉会,28,2006/10/01
2725800037,グループホームマーズ,06-6769-0011,06-6769-0011,大阪市平野区（以下略）,特定非営利活動法人ダッシュ・オン,19,2006/10/01
2725800045,ｂｅｇｉｎ,06-6792-0092,06-6792-0092,大阪市平野区（以下略）,ＮＰＯ法人　オリーブひらの,4,2006/10/01
2725800110,ふれあいホーム,06-4302-4073,06-4302-4074,大阪市平野区（以下略）,社会福祉法人　今川学園,53,2006/10/01
2723300048,先島,06-6651-0503,,大阪市西成区（以下略）,特定非営利活動法人　アザリア,20,2006/10/01
2723300063,共同生活援助ボーンズ,06-6562-5800,06-6562-6677,大阪市西成区（以下略）,社会福祉法人ヒューマンライツ福祉協会,19,2006/10/01
2723300055,共同生活援助ピース,06-6562-5800,06-6562-6677,大阪市西成区（以下略）,社会福祉法人ヒューマンライツ福祉協会,25,2006/10/01